<preCompilationAnalysis file="../src/main.xc">
<fDef name="app" global="true" noreturn="true" doNotSpecialize="false" numParams="3"/>
<fDef name="changed" global="true" interface="startkit_button_if" noreturn="false" doNotSpecialize="false" numParams="0"/>
<fDef name="changed_state" global="true" interface="slider_if" noreturn="false" doNotSpecialize="false" numParams="0"/>
<fDef name="complete" global="true" interface="adc" noreturn="false" doNotSpecialize="false" numParams="0"/>
<fDef name="delay_microseconds" global="true" noreturn="false" doNotSpecialize="true" numParams="1"/>
<fDef name="delay_milliseconds" global="true" noreturn="false" doNotSpecialize="true" numParams="1"/>
<fDef name="delay_seconds" global="true" noreturn="false" doNotSpecialize="true" numParams="1"/>
<fDef name="filter" global="true" interface="slider_query_if" noreturn="false" doNotSpecialize="false" numParams="0"/>
<fDef name="get_coord" global="true" interface="absolute_slider_if" noreturn="false" doNotSpecialize="false" numParams="0"/>
<fDef name="get_coord" global="true" interface="slider_if" noreturn="false" doNotSpecialize="false" numParams="0"/>
<fDef name="get_coord" global="true" interface="slider_query_if" noreturn="false" doNotSpecialize="false" numParams="0"/>
<fDef name="get_slider_state" global="true" interface="slider_if" noreturn="false" doNotSpecialize="false" numParams="0"/>
<fDef name="get_value" global="true" interface="startkit_button_if" noreturn="false" doNotSpecialize="false" numParams="0"/>
<fDef name="main" global="true" noreturn="false" doNotSpecialize="false" numParams="0"/>
<fDef name="read" global="true" interface="adc" noreturn="false" doNotSpecialize="false" numParams="1"/>
<fDef name="set" global="true" interface="startkit_led_if" noreturn="false" doNotSpecialize="false" numParams="3"/>
<fDef name="set_multiple" global="true" interface="startkit_led_if" noreturn="false" doNotSpecialize="false" numParams="2"/>
<fDef name="trigger" global="true" interface="adc" noreturn="false" doNotSpecialize="false" numParams="0"/>
<fCall name="delay_ticks_longlong" global="true" numArgs="1">
  <arg num="0">
    <values>
      <value type="unknown"/>
    </values>
  </arg>
</fCall>
<fCall name="delay_ticks_longlong" global="true" numArgs="1">
  <arg num="0">
    <values>
      <value type="unknown"/>
    </values>
  </arg>
</fCall>
<fCall name="delay_ticks_longlong" global="true" numArgs="1">
  <arg num="0">
    <values>
      <value type="unknown"/>
    </values>
  </arg>
</fCall>
<fCall name="printstrln" global="true" numArgs="1">
  <arg num="0">
    <values>
      <value type="unknown"/>
    </values>
  </arg>
</fCall>
<fCall name="get_value" global="true" interface="startkit_button_if" numArgs="0">
</fCall>
<fCall name="printstrln" global="true" numArgs="1">
  <arg num="0">
    <values>
      <value type="unknown"/>
    </values>
  </arg>
</fCall>
<fCall name="set" global="true" interface="startkit_led_if" numArgs="3">
  <arg num="0">
    <values>
      <value type="intval"><intval isSigned="true" val="2"/></value>
    </values>
  </arg>
  <arg num="1">
    <values>
      <value type="intval"><intval isSigned="true" val="2"/></value>
    </values>
  </arg>
  <arg num="2">
    <values>
      <value type="intval"><intval isSigned="true" val="65535"/></value>
    </values>
  </arg>
</fCall>
<fCall name="set" global="true" interface="startkit_led_if" numArgs="3">
  <arg num="0">
    <values>
      <value type="intval"><intval isSigned="true" val="1"/></value>
    </values>
  </arg>
  <arg num="1">
    <values>
      <value type="intval"><intval isSigned="true" val="2"/></value>
    </values>
  </arg>
  <arg num="2">
    <values>
      <value type="intval"><intval isSigned="true" val="65535"/></value>
    </values>
  </arg>
</fCall>
<fCall name="set" global="true" interface="startkit_led_if" numArgs="3">
  <arg num="0">
    <values>
      <value type="intval"><intval isSigned="true" val="0"/></value>
    </values>
  </arg>
  <arg num="1">
    <values>
      <value type="intval"><intval isSigned="true" val="2"/></value>
    </values>
  </arg>
  <arg num="2">
    <values>
      <value type="intval"><intval isSigned="true" val="65535"/></value>
    </values>
  </arg>
</fCall>
<fCall name="printstrln" global="true" numArgs="1">
  <arg num="0">
    <values>
      <value type="unknown"/>
    </values>
  </arg>
</fCall>
<fCall name="set" global="true" interface="startkit_led_if" numArgs="3">
  <arg num="0">
    <values>
      <value type="intval"><intval isSigned="true" val="2"/></value>
    </values>
  </arg>
  <arg num="1">
    <values>
      <value type="intval"><intval isSigned="true" val="2"/></value>
    </values>
  </arg>
  <arg num="2">
    <values>
      <value type="intval"><intval isSigned="true" val="0"/></value>
    </values>
  </arg>
</fCall>
<fCall name="set" global="true" interface="startkit_led_if" numArgs="3">
  <arg num="0">
    <values>
      <value type="intval"><intval isSigned="true" val="1"/></value>
    </values>
  </arg>
  <arg num="1">
    <values>
      <value type="intval"><intval isSigned="true" val="2"/></value>
    </values>
  </arg>
  <arg num="2">
    <values>
      <value type="intval"><intval isSigned="true" val="0"/></value>
    </values>
  </arg>
</fCall>
<fCall name="set" global="true" interface="startkit_led_if" numArgs="3">
  <arg num="0">
    <values>
      <value type="intval"><intval isSigned="true" val="0"/></value>
    </values>
  </arg>
  <arg num="1">
    <values>
      <value type="intval"><intval isSigned="true" val="2"/></value>
    </values>
  </arg>
  <arg num="2">
    <values>
      <value type="intval"><intval isSigned="true" val="0"/></value>
    </values>
  </arg>
</fCall>
<fCall name="__builtin_timer_after" global="true" numArgs="2">
  <arg num="0">
    <values>
      <value type="unknown"/>
    </values>
  </arg>
  <arg num="1">
    <values>
      <value type="unknown"/>
    </values>
  </arg>
</fCall>
<fCall name="trigger" global="true" interface="adc" numArgs="0">
</fCall>
<fCall name="read" global="true" interface="adc" numArgs="1">
  <arg num="0">
    <values>
      <value type="unknown"/>
    </values>
  </arg>
</fCall>
<fCall name="printstr" global="true" numArgs="1">
  <arg num="0">
    <values>
      <value type="unknown"/>
    </values>
  </arg>
</fCall>
<fCall name="printint" global="true" numArgs="1">
  <arg num="0">
    <values>
      <value type="unknown"/>
    </values>
  </arg>
</fCall>
<fCall name="printstr" global="true" numArgs="1">
  <arg num="0">
    <values>
      <value type="unknown"/>
    </values>
  </arg>
</fCall>
<fCall name="printint" global="true" numArgs="1">
  <arg num="0">
    <values>
      <value type="unknown"/>
    </values>
  </arg>
</fCall>
<fCall name="printstr" global="true" numArgs="1">
  <arg num="0">
    <values>
      <value type="unknown"/>
    </values>
  </arg>
</fCall>
<fCall name="set" global="true" interface="startkit_led_if" numArgs="3">
  <arg num="0">
    <values>
      <value type="intval"><intval isSigned="true" val="1"/></value>
    </values>
  </arg>
  <arg num="1">
    <values>
      <value type="intval"><intval isSigned="true" val="1"/></value>
    </values>
  </arg>
  <arg num="2">
    <values>
      <value type="unknown"/>
    </values>
  </arg>
</fCall>
<fCall name="set" global="true" interface="startkit_led_if" numArgs="3">
  <arg num="0">
    <values>
      <value type="intval"><intval isSigned="true" val="2"/></value>
    </values>
  </arg>
  <arg num="1">
    <values>
      <value type="intval"><intval isSigned="true" val="0"/></value>
    </values>
  </arg>
  <arg num="2">
    <values>
      <value type="unknown"/>
    </values>
  </arg>
</fCall>
<fCall name="set" global="true" interface="startkit_led_if" numArgs="3">
  <arg num="0">
    <values>
      <value type="intval"><intval isSigned="true" val="0"/></value>
    </values>
  </arg>
  <arg num="1">
    <values>
      <value type="intval"><intval isSigned="true" val="1"/></value>
    </values>
  </arg>
  <arg num="2">
    <values>
      <value type="unknown"/>
    </values>
  </arg>
</fCall>
<fCall name="set" global="true" interface="startkit_led_if" numArgs="3">
  <arg num="0">
    <values>
      <value type="intval"><intval isSigned="true" val="1"/></value>
    </values>
  </arg>
  <arg num="1">
    <values>
      <value type="intval"><intval isSigned="true" val="0"/></value>
    </values>
  </arg>
  <arg num="2">
    <values>
      <value type="unknown"/>
    </values>
  </arg>
</fCall>
<fCall name="printchar" global="true" numArgs="1">
  <arg num="0">
    <values>
      <value type="intval"><intval isSigned="false" val="10"/></value>
    </values>
  </arg>
</fCall>
<fCall name="startkit_gpio_driver" global="true" numArgs="5" impId="0">
  <arg num="0">
    <values>
      <value type="interface"><interfaceInfo index="0" type="chan" isYielding="false"/></value>
    </values>
  </arg>
  <arg num="1">
    <values>
      <value type="interface"><interfaceInfo index="0" type="chan" isYielding="false"/></value>
    </values>
  </arg>
  <arg num="2">
    <values>
      <value type="null"/>
    </values>
  </arg>
  <arg num="3">
    <values>
      <value type="null"/>
    </values>
  </arg>
  <arg num="4">
    <values>
      <value type="unknown"/>
    </values>
  </arg>
</fCall>
<fCall name="adc_task" global="true" numArgs="3" impId="1">
  <arg num="0">
    <values>
      <value type="interface"><interfaceInfo index="0" type="chan" isYielding="false"/></value>
    </values>
  </arg>
  <arg num="1">
    <values>
      <value type="unknown"/>
    </values>
  </arg>
  <arg num="2">
    <values>
      <value type="intval"><intval isSigned="true" val="0"/></value>
    </values>
  </arg>
</fCall>
<fCall name="startkit_adc" global="true" numArgs="1" impId="2">
  <arg num="0">
    <values>
      <value type="unknown"/>
    </values>
  </arg>
</fCall>
<fCall name="app" global="true" numArgs="3" impId="3">
  <arg num="0">
    <values>
      <value type="interface"><interfaceInfo index="0" type="chan" isYielding="false"/></value>
    </values>
  </arg>
  <arg num="1">
    <values>
      <value type="interface"><interfaceInfo index="0" type="chan" isYielding="false"/></value>
    </values>
  </arg>
  <arg num="2">
    <values>
      <value type="interface"><interfaceInfo index="0" type="chan" isYielding="false"/></value>
    </values>
  </arg>
</fCall>
</preCompilationAnalysis>
