<preCompilationAnalysis file="../src/main.xc">
<fDef name="glow_app" global="false" unit="../src/main.xc" noreturn="true" doNotSpecialize="false" numParams="4"/>
<fDef name="changed" global="true" interface="startkit_button_if" noreturn="false" doNotSpecialize="false" numParams="0"/>
<fDef name="changed_state" global="true" interface="slider_if" noreturn="false" doNotSpecialize="false" numParams="0"/>
<fDef name="delay_microseconds" global="true" noreturn="false" doNotSpecialize="true" numParams="1"/>
<fDef name="delay_milliseconds" global="true" noreturn="false" doNotSpecialize="true" numParams="1"/>
<fDef name="delay_seconds" global="true" noreturn="false" doNotSpecialize="true" numParams="1"/>
<fDef name="get_coord" global="true" interface="slider_if" noreturn="false" doNotSpecialize="false" numParams="0"/>
<fDef name="get_slider_state" global="true" interface="slider_if" noreturn="false" doNotSpecialize="false" numParams="0"/>
<fDef name="get_value" global="true" interface="startkit_button_if" noreturn="false" doNotSpecialize="false" numParams="0"/>
<fDef name="main" global="true" noreturn="false" doNotSpecialize="false" numParams="0"/>
<fDef name="set" global="true" interface="startkit_led_if" noreturn="false" doNotSpecialize="false" numParams="3"/>
<fDef name="set_multiple" global="true" interface="startkit_led_if" noreturn="false" doNotSpecialize="false" numParams="2"/>
<fCall name="delay_ticks_longlong" global="true" numArgs="1">
  <arg num="0">
    <values>
      <value type="unknown"/>
    </values>
  </arg>
</fCall>
<fCall name="delay_ticks_longlong" global="true" numArgs="1">
  <arg num="0">
    <values>
      <value type="unknown"/>
    </values>
  </arg>
</fCall>
<fCall name="delay_ticks_longlong" global="true" numArgs="1">
  <arg num="0">
    <values>
      <value type="unknown"/>
    </values>
  </arg>
</fCall>
<fCall name="get_value" global="true" interface="startkit_button_if" numArgs="0">
</fCall>
<fCall name="set" global="true" interface="startkit_led_if" numArgs="3">
  <arg num="0">
    <values>
      <value type="unknown"/>
    </values>
  </arg>
  <arg num="1">
    <values>
      <value type="unknown"/>
    </values>
  </arg>
  <arg num="2">
    <values>
      <value type="intval"><intval isSigned="true" val="0"/></value>
    </values>
  </arg>
</fCall>
<fCall name="get_slider_state" global="true" interface="slider_if" numArgs="0">
</fCall>
<fCall name="set" global="true" interface="startkit_led_if" numArgs="3">
  <arg num="0">
    <values>
      <value type="unknown"/>
    </values>
  </arg>
  <arg num="1">
    <values>
      <value type="unknown"/>
    </values>
  </arg>
  <arg num="2">
    <values>
      <value type="intval"><intval isSigned="true" val="65535"/></value>
    </values>
  </arg>
</fCall>
<fCall name="get_slider_state" global="true" interface="slider_if" numArgs="0">
</fCall>
<fCall name="set" global="true" interface="startkit_led_if" numArgs="3">
  <arg num="0">
    <values>
      <value type="unknown"/>
    </values>
  </arg>
  <arg num="1">
    <values>
      <value type="unknown"/>
    </values>
  </arg>
  <arg num="2">
    <values>
      <value type="intval"><intval isSigned="true" val="0"/></value>
    </values>
  </arg>
</fCall>
<fCall name="startkit_gpio_driver" global="true" numArgs="5" impId="0">
  <arg num="0">
    <values>
      <value type="interface"><interfaceInfo index="0" type="chan" isYielding="false"/></value>
    </values>
  </arg>
  <arg num="1">
    <values>
      <value type="interface"><interfaceInfo index="0" type="chan" isYielding="false"/></value>
    </values>
  </arg>
  <arg num="2">
    <values>
      <value type="interface"><interfaceInfo index="0" type="chan" isYielding="false"/></value>
    </values>
  </arg>
  <arg num="3">
    <values>
      <value type="interface"><interfaceInfo index="0" type="chan" isYielding="false"/></value>
    </values>
  </arg>
  <arg num="4">
    <values>
      <value type="unknown"/>
    </values>
  </arg>
</fCall>
<fCall name="glow_app" global="false" unit="../src/main.xc" numArgs="4" impId="1">
  <arg num="0">
    <values>
      <value type="interface"><interfaceInfo index="0" type="chan" isYielding="false"/></value>
    </values>
  </arg>
  <arg num="1">
    <values>
      <value type="interface"><interfaceInfo index="0" type="chan" isYielding="false"/></value>
    </values>
  </arg>
  <arg num="2">
    <values>
      <value type="interface"><interfaceInfo index="0" type="chan" isYielding="false"/></value>
    </values>
  </arg>
  <arg num="3">
    <values>
      <value type="interface"><interfaceInfo index="0" type="chan" isYielding="false"/></value>
    </values>
  </arg>
</fCall>
</preCompilationAnalysis>
