<?xml version="1.0" ?>
<xpd>
    <components>
        <component description = "A module for accessing the 4ch ADC on startKIT" type = "demoCode" scope = "Example" path = "module_startkit_adc" local = "false" id = "module_startkit_adc" name = "ADC Driver for startKIT">
            <keyword>startKIT</keyword>
            <keyword>ADC</keyword>
            <keyword>analog</keyword>
            <keyword>analogue</keyword>
        </component>
        <component description = "A simple demo that lights LEDs proportionally to the ADC inputs" type = "demoCode" scope = "Example" path = "app_adc_example" local = "false" id = "app_adc_example" name = "ADC Example">
            <componentDependency repo = "git://github.com/xcore/sw_startkit_examples" version = "1.1.0">module_startkit_gpio</componentDependency>
            <componentDependency repo = "git://github.com/xcore/sw_startkit_examples" version = "1.1.0">module_startkit_adc</componentDependency>
            <componentDependency repo = "git://github.com/xcore/sc_capacitive_sensing">module_capacitive_sensing</componentDependency>
            <keyword>LEDs</keyword>
            <keyword>startKIT</keyword>
            <keyword>ADC</keyword>
        </component>
        <component description = "A noughts and crosses game for the startKIT" type = "demoCode" scope = "Example" path = "app_noughts_and_crosses" local = "false" id = "app_noughts_and_crosses" name = "Noughts and crosses (tic-tac-toe)">
            <componentDependency repo = "git://github.com/xcore/sw_startkit_examples" version = "1.1.0">module_startkit_gpio</componentDependency>
            <componentDependency repo = "git://github.com/xcore/sc_capacitive_sensing">module_capacitive_sensing</componentDependency>
            <componentDependency repo = "git://github.com/xcore/sc_util" version = "1.0.3">module_xassert</componentDependency>
            <componentDependency repo = "git://github.com/xcore/sc_util" version = "1.0.3">module_logging</componentDependency>
            <keyword>game</keyword>
            <keyword>startKIT</keyword>
        </component>
        <component description = "A simple demo using LED and PWM on the startKIT" type = "demoCode" scope = "Example" path = "app_glowing_leds" local = "false" id = "app_glowing_leds" name = "Glowing LED pattern">
            <componentDependency repo = "git://github.com/xcore/sc_capacitive_sensing">module_capacitive_sensing</componentDependency>
            <componentDependency repo = "git://github.com/xcore/sw_startkit_examples" version = "1.1.0">module_startkit_gpio</componentDependency>
            <keyword>LEDs</keyword>
            <keyword>startKIT</keyword>
            <keyword>buttons</keyword>
        </component>
        <component description = "A simple demo using LEDs on the startKIT" type = "demoCode" scope = "Example" path = "app_spinning_bar" local = "false" id = "app_spinning_bar" name = "The spinning bar">
            <keyword>LEDs</keyword>
            <keyword>startKIT</keyword>
        </component>
        <component description = "A module for driving the LEDS, button and capsense on
startKIT boards" type = "demoCode" scope = "Example" path = "module_startkit_gpio" local = "false" id = "module_startkit_gpio" name = "GPIO Driver for startKIT">
            <componentDependency repo = "git://github.com/xcore/sc_capacitive_sensing">module_capacitive_sensing</componentDependency>
            <keyword>startKIT</keyword>
            <keyword>leds</keyword>
            <keyword>capacitive</keyword>
            <keyword>buttons</keyword>
        </component>
        <component description = "A demo of using the accelerometer slice" type = "demoCode" scope = "Example" path = "app_balance" local = "false" id = "app_balance" name = "Balance the ball (LED)">
            <componentDependency repo = "git://github.com/xcore/sc_i2c" version = "2.4.1">module_i2c_master</componentDependency>
            <componentDependency repo = "git://github.com/xcore/sc_capacitive_sensing">module_capacitive_sensing</componentDependency>
            <componentDependency repo = "git://github.com/xcore/sc_util" version = "1.0.3">module_logging</componentDependency>
            <componentDependency repo = "git://github.com/xcore/sw_startkit_examples" version = "1.1.0">module_startkit_gpio</componentDependency>
            <keyword>accelerometer</keyword>
            <keyword>startKIT</keyword>
        </component>
        <component description = "A simple demo blinks each LED on the board individually" type = "demoCode" scope = "Example" path = "app_scanning_leds" local = "false" id = "app_scanning_leds" name = "LED scan example">
            <keyword>LEDs</keyword>
            <keyword>startKIT</keyword>
            <keyword>buttons</keyword>
        </component>
        <component description = "Does ring modulation (AM of LFO) and applies a BiQuad filter to a stereo stream on the startKIT/audio slice boards" type = "demoCode" scope = "Example" path = "app_audio_dalek" local = "false" id = "app_audio_dalek" name = "Startkit Dalek example">
            <board>XA-SK-AUDIO</board>
            <componentDependency repo = "git://github.com/xcore/sw_startkit_examples" version = "1.1.0">module_startkit_gpio</componentDependency>
            <componentDependency repo = "git://github.com/xcore/sc_capacitive_sensing">module_capacitive_sensing</componentDependency>
            <componentDependency repo = "git://github.com/xcore/sc_capacitive_sensing">module_capacitive_sensing</componentDependency>
            <componentDependency repo = "git://github.com/xcore/sc_i2c" version = "2.4.1">module_i2c_single_port</componentDependency>
            <componentDependency repo = "git://github.com/xcore/sc_i2s" version = "1.4.3">module_i2s_master</componentDependency>
            <componentDependency repo = "git://github.com/xcore/sw_audio_effects.git" version = "1.0.4">module_dsp_biquad</componentDependency>
            <componentDependency repo = "git://github.com/xcore/sw_audio_effects.git" version = "1.0.4">module_dsp_utils</componentDependency>
            <componentDependency repo = "git://github.com/xcore/sw_audio_effects.git" version = "1.0.4">module_dsp_utils</componentDependency>
            <keyword>biquad</keyword>
            <keyword>filter</keyword>
            <keyword>equalisation</keyword>
            <keyword>audio</keyword>
            <keyword>dsp</keyword>
            <keyword>slicekit</keyword>
        </component>
        <component description = "A LED demo for startKIT" type = "demoCode" scope = "Example" path = "app_spinning_dot" local = "false" id = "app_spinning_dot" name = "The spinning dot">
            <keyword>LEDs</keyword>
            <keyword>startKIT</keyword>
        </component>
    </components>
    <dependency repo = "sc_capacitive_sensing">
        <githash>1bb8016db7232ca59020e3f38620ac9386d79b63</githash>
        <uri>git@github.com:xcore/sc_capacitive_sensing</uri>
    </dependency>
    <dependency repo = "sc_i2c">
        <githash>e3829f0c0f6ae94679b31d766dd65b33b2c46b19</githash>
        <uri>git@github.com:xcore/sc_i2c</uri>
        <version>2.3.0beta1</version>
    </dependency>
    <dependency repo = "sc_util">
        <githash>d0531d7c68ab67334582c324828e36d617baf8b3</githash>
        <uri>git@github.com:xcore/sc_util</uri>
        <version>1.0.3rc0</version>
    </dependency>
    <dependency repo = "sc_i2s">
        <githash>22504b8fdb8bf6c7447f4094c8c2bb199355b7d8</githash>
        <uri>git@github.com:xcore/sc_i2s</uri>
    </dependency>
    <dependency repo = "sw_audio_effects">
        <githash>ef4363d1721d2d62e95cb53ee01b08894090a9a4</githash>
        <uri>git@github.com:xcore/sw_audio_effects</uri>
        <version>1.0.4rc0</version>
    </dependency>
    <description>startKIT example programs</description>
    <location>git@github.com:xcore/sw_startkit_examples</location>
    <name>sw_startkit_examples</name>
    <maintainer>davelxmos</maintainer>
    <partnumber>XM-004097-DH</partnumber>
    <release parenthash = "205664b65554b0adeec367a1f46c169064cba192" version = "1.0.0alpha0" githash = "5a83b0f2f08ce962dea65eb0ed8a86090117989c"></release>
    <release parenthash = "5a83b0f2f08ce962dea65eb0ed8a86090117989c" version = "1.0.0alpha1" githash = "f2e0a7fa5bd5d53e1df4bb9fe0291c30471278d0"></release>
    <release parenthash = "f2e0a7fa5bd5d53e1df4bb9fe0291c30471278d0" version = "1.0.0alpha2" githash = "329e781ce64313cfe909c4320535d5afd27e95ed"></release>
    <release parenthash = "67ae0c9f62570a60275604eb69e9676adba2ebbb" version = "1.0.0alpha3" githash = "4f79a43044d16654967b9d1d87cf07cd326f3e23"></release>
    <release parenthash = "41623bc38f7467a00ed3be94acc82f199cb897a6" version = "1.0.0alpha4" githash = "0c3ef19488f33b3273edd269122ae116437adbe0"></release>
    <release parenthash = "a92430dc88b95263ac7002cec5118bc0fb30dc5a" version = "1.0.0alpha5" githash = "213b5988898cb7fba0b2726693141ddf2b776d69"></release>
    <release parenthash = "a0d7a6ca02efc9146bdd8588daca6a62bdb52c41" version = "1.0.0alpha6" githash = "b58a556246debfe3086b3240b62a296247c4d96a"></release>
    <release parenthash = "bbff183a3834f98b49858c8d3628c3fbeb6deca7" version = "1.0.0rc0" githash = "77343f0ac23e10f597d0e70bf6ef6d24edc2ef16"></release>
    <release parenthash = "00a300cb6ac7dd2a359042f9cab72b193064fb07" version = "1.1.0rc0" githash = "48ede72f86a9eeebb82929871f058abb79bda1fb"></release>
    <release parenthash = "d9c135a83ab98e3140c2b556de1ecb8bba1955a9" version = "1.2.0rc0"></release>
    <subpartnumber>XM-004098-SM</subpartnumber>
    <vendor>XMOS</vendor>
    <version_defines></version_defines>
    <xcore_partnumber>XM-004097-DH</xcore_partnumber>
    <xcore_repo>git://github.com/xcore/sw_startkit_examples</xcore_repo>
    <xcore_subpartnumber>XM-004098-SM</xcore_subpartnumber>
    <xpd_version>1.0</xpd_version>
    <xsoftip_exclude>app_absolute</xsoftip_exclude>
</xpd>