<preCompilationAnalysis>
<fInfo name="find_best_move" global="false" unit="../src/computer_player.xc" specialize="false" noreturn="false" doNotSpecialize="false" numParams="4">
  <arg num="0" specialize="false">
    <values>
      <value type="unknown"/>
    </values>
  </arg>
  <arg num="1" specialize="false">
    <values>
      <value type="unknown"/>
    </values>
  </arg>
  <arg num="2" specialize="false">
    <values>
      <value type="unknown"/>
    </values>
  </arg>
  <arg num="3" specialize="false">
    <values>
      <value type="unknown"/>
    </values>
  </arg>
</fInfo>
<fInfo name="clear_board" global="false" unit="../src/game.xc" specialize="false" noreturn="false" doNotSpecialize="false" numParams="1">
  <arg num="0" specialize="false">
    <values>
      <value type="unknown"/>
    </values>
  </arg>
</fInfo>
<fInfo name="display_board" global="false" unit="../src/game.xc" specialize="true" noreturn="false" doNotSpecialize="false" numParams="2">
  <arg num="0" specialize="true">
    <values>
      <value type="interface"><interfaceInfo index="0" type="chan" isYielding="false"/></value>
    </values>
  </arg>
  <arg num="1" specialize="false">
    <values>
      <value type="unknown"/>
    </values>
  </arg>
 <specializations>
   <specialization id="0">
    <arg num="0"><values><value type="interface"><interfaceInfo index="0" type="chan" isYielding="false"/></value></values></arg>
    <arg num="1"><values><value type="unknown"/></values></arg>
   </specialization>
 </specializations>
</fInfo>
<fInfo name="display_ending" global="false" unit="../src/game.xc" specialize="true" noreturn="false" doNotSpecialize="false" numParams="3">
  <arg num="0" specialize="true">
    <values>
      <value type="interface"><interfaceInfo index="0" type="chan" isYielding="false"/></value>
    </values>
  </arg>
  <arg num="1" specialize="false">
    <values>
      <value type="unknown"/>
    </values>
  </arg>
  <arg num="2" specialize="false">
    <values>
      <value type="unknown"/>
    </values>
  </arg>
 <specializations>
   <specialization id="0">
    <arg num="0"><values><value type="interface"><interfaceInfo index="0" type="chan" isYielding="false"/></value></values></arg>
    <arg num="1"><values><value type="unknown"/></values></arg>
    <arg num="2"><values><value type="unknown"/></values></arg>
   </specialization>
 </specializations>
</fInfo>
<fInfo name="get_led_level" global="false" unit="../src/game.xc" specialize="false" noreturn="false" doNotSpecialize="false" numParams="1">
  <arg num="0" specialize="false">
    <values>
      <value type="unknown"/>
    </values>
  </arg>
</fInfo>
<fInfo name="slider_periodic" global="false" unit="C:/Users/Vivek Singh Baghel/Desktop/sw_startkit_examples/module_capacitive_sensing/src/slider.xc" specialize="true" noreturn="true" doNotSpecialize="false" numParams="2">
  <arg num="0" specialize="false">
    <values>
    </values>
  </arg>
  <arg num="1" specialize="true">
    <values>
      <value type="interface"><interfaceInfo index="0" type="comb" func="slider" global="true" impUnit="C:/Users/Vivek Singh Baghel/Desktop/sw_startkit_examples/module_capacitive_sensing/src/slider.xc" impId="1" param="0"/></value>
    </values>
  </arg>
 <specializations>
   <specialization id="0">
    <arg num="0"><values><value type="unknown"/></values></arg>
    <arg num="1"><values><value type="interface"><interfaceInfo index="0" type="comb" func="slider" global="true" impUnit="C:/Users/Vivek Singh Baghel/Desktop/sw_startkit_examples/module_capacitive_sensing/src/slider.xc" impId="1" param="0"/></value></values></arg>
   </specialization>
 </specializations>
</fInfo>
<fInfo name="_safe_memcmp" global="true" specialize="false" noreturn="false" doNotSpecialize="true" numParams="3">
  <arg num="0" specialize="false">
    <values>
    </values>
  </arg>
  <arg num="1" specialize="false">
    <values>
    </values>
  </arg>
  <arg num="2" specialize="false">
    <values>
    </values>
  </arg>
</fInfo>
<fInfo name="_safe_memmove" global="true" specialize="false" noreturn="false" doNotSpecialize="true" numParams="3">
  <arg num="0" specialize="false">
    <values>
    </values>
  </arg>
  <arg num="1" specialize="false">
    <values>
    </values>
  </arg>
  <arg num="2" specialize="false">
    <values>
    </values>
  </arg>
</fInfo>
<fInfo name="_safe_memset" global="true" specialize="false" noreturn="false" doNotSpecialize="true" numParams="3">
  <arg num="0" specialize="false">
    <values>
    </values>
  </arg>
  <arg num="1" specialize="false">
    <values>
    </values>
  </arg>
  <arg num="2" specialize="false">
    <values>
    </values>
  </arg>
</fInfo>
<fInfo name="absolute_slider" global="true" specialize="true" noreturn="true" doNotSpecialize="false" numParams="7">
  <arg num="0" specialize="false">
    <values>
      <value type="interface"><interfaceInfo index="0" type="comb" func="absolute_slider" global="true" impUnit="C:/Users/Vivek Singh Baghel/Desktop/sw_startkit_examples/module_capacitive_sensing/src/slider.xc" impId="0" param="0"/></value>
      <value type="interface"><interfaceInfo index="0" type="comb" func="_Sabsolute_slider_0" global="true" impUnit="C:/Users/Vivek Singh Baghel/Desktop/sw_startkit_examples/module_startkit_gpio/src/startkit_gpio.xc" impId="3" param="0"/></value>
      <value type="interface"><interfaceInfo index="0" type="comb" func="_Sabsolute_slider_0" global="true" impUnit="C:/Users/Vivek Singh Baghel/Desktop/sw_startkit_examples/module_startkit_gpio/src/startkit_gpio.xc" impId="4" param="0"/></value>
    </values>
  </arg>
  <arg num="1" specialize="false">
    <values>
      <value type="unknown"/>
    </values>
  </arg>
  <arg num="2" specialize="false">
    <values>
      <value type="unknown"/>
    </values>
  </arg>
  <arg num="3" specialize="true">
    <values>
      <value type="intval"><intval isSigned="true" val="4"/></value>
    </values>
  </arg>
  <arg num="4" specialize="true">
    <values>
      <value type="intval"><intval isSigned="true" val="80"/></value>
    </values>
  </arg>
  <arg num="5" specialize="true">
    <values>
      <value type="intval"><intval isSigned="true" val="100"/></value>
    </values>
  </arg>
  <arg num="6" specialize="true">
    <values>
      <value type="intval"><intval isSigned="true" val="50"/></value>
    </values>
  </arg>
 <specializations>
   <specialization id="0">
    <arg num="0"><values><value type="unknown"/></values></arg>
    <arg num="1"><values><value type="unknown"/></values></arg>
    <arg num="2"><values><value type="unknown"/></values></arg>
    <arg num="3"><values><value type="intval"><intval isSigned="true" val="4"/></value></values></arg>
    <arg num="4"><values><value type="intval"><intval isSigned="true" val="80"/></value></values></arg>
    <arg num="5"><values><value type="intval"><intval isSigned="true" val="100"/></value></values></arg>
    <arg num="6"><values><value type="intval"><intval isSigned="true" val="50"/></value></values></arg>
   </specialization>
 </specializations>
</fInfo>
<fInfo name="capsenseInitClock" global="true" specialize="false" noreturn="false" doNotSpecialize="false" numParams="1">
  <arg num="0" specialize="false">
    <values>
      <value type="unknown"/>
    </values>
  </arg>
</fInfo>
<fInfo name="changed" global="true" interface="startkit_button_if" specialize="false" noreturn="false" doNotSpecialize="false" numParams="0">
</fInfo>
<fInfo name="changed_state" global="true" interface="slider_if" specialize="false" noreturn="false" doNotSpecialize="false" numParams="0">
</fInfo>
<fInfo name="clear_cursor" global="true" interface="player_if" specialize="false" noreturn="false" doNotSpecialize="false" numParams="0">
</fInfo>
<fInfo name="computer_player" global="true" specialize="true" noreturn="true" doNotSpecialize="false" numParams="1">
  <arg num="0" specialize="true">
    <values>
      <value type="interface"><interfaceInfo index="1" type="comb" func="_Sgame_0" global="true" impUnit="../src/main.xc" impId="0" param="0"/></value>
    </values>
  </arg>
 <specializations>
   <specialization id="0">
    <arg num="0"><values><value type="interface"><interfaceInfo index="1" type="comb" func="_Sgame_0" global="true" impUnit="../src/main.xc" impId="0" param="0"/></value></values></arg>
   </specialization>
 </specializations>
</fInfo>
<fInfo name="delay_microseconds" global="true" specialize="false" noreturn="false" doNotSpecialize="true" numParams="1">
  <arg num="0" specialize="false">
    <values>
    </values>
  </arg>
</fInfo>
<fInfo name="delay_milliseconds" global="true" specialize="false" noreturn="false" doNotSpecialize="true" numParams="1">
  <arg num="0" specialize="false">
    <values>
    </values>
  </arg>
</fInfo>
<fInfo name="delay_seconds" global="true" specialize="false" noreturn="false" doNotSpecialize="true" numParams="1">
  <arg num="0" specialize="false">
    <values>
    </values>
  </arg>
</fInfo>
<fInfo name="filter" global="true" interface="slider_query_if" specialize="false" noreturn="false" doNotSpecialize="false" numParams="0">
</fInfo>
<fInfo name="game" global="true" specialize="true" noreturn="true" doNotSpecialize="false" numParams="2">
  <arg num="0" specialize="true">
    <values>
      <value type="interface"><interfaceInfo index="1" type="comb" func="_Sgame_0" global="true" impUnit="../src/main.xc" impId="0" param="0"/><interfaceInfo index="0" type="comb" func="_Sgame_0" global="true" impUnit="../src/main.xc" impId="0" param="0"/></value>
    </values>
  </arg>
  <arg num="1" specialize="true">
    <values>
      <value type="interface"><interfaceInfo index="0" type="chan" isYielding="false"/></value>
    </values>
  </arg>
 <specializations>
   <specialization id="0">
    <arg num="0"><values><value type="interface"><interfaceInfo index="1" type="comb" func="_Sgame_0" global="true" impUnit="../src/main.xc" impId="0" param="0"/><interfaceInfo index="0" type="comb" func="_Sgame_0" global="true" impUnit="../src/main.xc" impId="0" param="0"/></value></values></arg>
    <arg num="1"><values><value type="interface"><interfaceInfo index="0" type="chan" isYielding="false"/></value></values></arg>
   </specialization>
 </specializations>
</fInfo>
<fInfo name="get_board" global="true" interface="player_if" specialize="false" noreturn="false" doNotSpecialize="false" numParams="1">
  <arg num="0" specialize="false">
    <values>
      <value type="unknown"/>
    </values>
  </arg>
</fInfo>
<fInfo name="get_coord" global="true" interface="absolute_slider_if" specialize="false" noreturn="false" doNotSpecialize="false" numParams="0">
</fInfo>
<fInfo name="get_coord" global="true" interface="slider_if" specialize="false" noreturn="false" doNotSpecialize="false" numParams="0">
</fInfo>
<fInfo name="get_coord" global="true" interface="slider_query_if" specialize="false" noreturn="false" doNotSpecialize="false" numParams="0">
</fInfo>
<fInfo name="get_my_val" global="true" interface="player_if" specialize="false" noreturn="false" doNotSpecialize="false" numParams="0">
</fInfo>
<fInfo name="get_slider_state" global="true" interface="slider_if" specialize="false" noreturn="false" doNotSpecialize="false" numParams="0">
</fInfo>
<fInfo name="get_value" global="true" interface="startkit_button_if" specialize="false" noreturn="false" doNotSpecialize="false" numParams="0">
</fInfo>
<fInfo name="main" global="true" specialize="false" noreturn="false" doNotSpecialize="false" numParams="0">
</fInfo>
<fInfo name="measureAverage" global="true" specialize="false" noreturn="false" doNotSpecialize="false" numParams="4">
  <arg num="0" specialize="false">
    <values>
      <value type="unknown"/>
    </values>
  </arg>
  <arg num="1" specialize="false">
    <values>
      <value type="unknown"/>
    </values>
  </arg>
  <arg num="2" specialize="false">
    <values>
      <value type="unknown"/>
    </values>
  </arg>
  <arg num="3" specialize="false">
    <values>
      <value type="unknown"/>
    </values>
  </arg>
</fInfo>
<fInfo name="measureAverageBoth" global="true" specialize="false" noreturn="false" doNotSpecialize="false" numParams="5">
  <arg num="0" specialize="false">
    <values>
      <value type="unknown"/>
    </values>
  </arg>
  <arg num="1" specialize="false">
    <values>
      <value type="unknown"/>
    </values>
  </arg>
  <arg num="2" specialize="false">
    <values>
      <value type="unknown"/>
    </values>
  </arg>
  <arg num="3" specialize="false">
    <values>
      <value type="intval"><intval isSigned="true" val="0"/></value>
      <value type="intval"><intval isSigned="true" val="1"/></value>
    </values>
  </arg>
  <arg num="4" specialize="false">
    <values>
      <value type="unknown"/>
    </values>
  </arg>
</fInfo>
<fInfo name="measureAveragePrint" global="true" specialize="false" noreturn="false" doNotSpecialize="false" numParams="4">
  <arg num="0" specialize="false">
    <values>
    </values>
  </arg>
  <arg num="1" specialize="false">
    <values>
    </values>
  </arg>
  <arg num="2" specialize="false">
    <values>
    </values>
  </arg>
  <arg num="3" specialize="false">
    <values>
    </values>
  </arg>
</fInfo>
<fInfo name="measureNbit" global="true" specialize="false" noreturn="false" doNotSpecialize="false" numParams="4">
  <arg num="0" specialize="false">
    <values>
      <value type="unknown"/>
    </values>
  </arg>
  <arg num="1" specialize="false">
    <values>
      <value type="unknown"/>
    </values>
  </arg>
  <arg num="2" specialize="false">
    <values>
      <value type="unknown"/>
    </values>
  </arg>
  <arg num="3" specialize="false">
    <values>
      <value type="unknown"/>
    </values>
  </arg>
</fInfo>
<fInfo name="move_required" global="true" interface="player_if" specialize="false" noreturn="false" doNotSpecialize="false" numParams="0">
</fInfo>
<fInfo name="my_random" global="true" specialize="false" noreturn="false" doNotSpecialize="false" numParams="1">
  <arg num="0" specialize="false">
    <values>
      <value type="intval"><intval isSigned="true" val="2"/></value>
      <value type="intval"><intval isSigned="true" val="3"/></value>
    </values>
  </arg>
</fInfo>
<fInfo name="play" global="true" interface="player_if" specialize="false" noreturn="false" doNotSpecialize="false" numParams="2">
  <arg num="0" specialize="false">
    <values>
      <value type="unknown"/>
    </values>
  </arg>
  <arg num="1" specialize="false">
    <values>
      <value type="unknown"/>
    </values>
  </arg>
</fInfo>
<fInfo name="score" global="true" specialize="false" noreturn="false" doNotSpecialize="false" numParams="3">
  <arg num="0" specialize="false">
    <values>
      <value type="unknown"/>
    </values>
  </arg>
  <arg num="1" specialize="false">
    <values>
      <value type="unknown"/>
    </values>
  </arg>
  <arg num="2" specialize="false">
    <values>
      <value type="unknown"/>
    </values>
  </arg>
</fInfo>
<fInfo name="set" global="true" interface="startkit_led_if" specialize="false" noreturn="false" doNotSpecialize="false" numParams="3">
  <arg num="0" specialize="false">
    <values>
      <value type="unknown"/>
    </values>
  </arg>
  <arg num="1" specialize="false">
    <values>
      <value type="unknown"/>
    </values>
  </arg>
  <arg num="2" specialize="false">
    <values>
      <value type="unknown"/>
    </values>
  </arg>
</fInfo>
<fInfo name="set_cursor" global="true" interface="player_if" specialize="false" noreturn="false" doNotSpecialize="false" numParams="2">
  <arg num="0" specialize="false">
    <values>
      <value type="unknown"/>
    </values>
  </arg>
  <arg num="1" specialize="false">
    <values>
      <value type="unknown"/>
    </values>
  </arg>
</fInfo>
<fInfo name="set_multiple" global="true" interface="startkit_led_if" specialize="false" noreturn="false" doNotSpecialize="false" numParams="2">
  <arg num="0" specialize="false">
    <values>
    </values>
  </arg>
  <arg num="1" specialize="false">
    <values>
    </values>
  </arg>
</fInfo>
<fInfo name="setupNbit" global="true" specialize="false" noreturn="false" doNotSpecialize="false" numParams="2">
  <arg num="0" specialize="false">
    <values>
      <value type="unknown"/>
    </values>
  </arg>
  <arg num="1" specialize="false">
    <values>
      <value type="unknown"/>
    </values>
  </arg>
</fInfo>
<fInfo name="slider" global="true" specialize="false" noreturn="true" doNotSpecialize="false" numParams="2">
  <arg num="0" specialize="false">
    <values>
      <value type="interface"><interfaceInfo index="0" type="comb" func="slider" global="true" impUnit="C:/Users/Vivek Singh Baghel/Desktop/sw_startkit_examples/module_capacitive_sensing/src/slider.xc" impId="1" param="0"/></value>
      <value type="interface"><interfaceInfo index="0" type="comb" func="slider" global="true" impUnit="C:/Users/Vivek Singh Baghel/Desktop/sw_startkit_examples/module_startkit_gpio/src/startkit_gpio.xc" impId="1" param="0"/></value>
      <value type="interface"><interfaceInfo index="0" type="comb" func="slider" global="true" impUnit="C:/Users/Vivek Singh Baghel/Desktop/sw_startkit_examples/module_startkit_gpio/src/startkit_gpio.xc" impId="2" param="0"/></value>
    </values>
  </arg>
  <arg num="1" specialize="false">
    <values>
      <value type="interface"><interfaceInfo index="0" type="comb" func="absolute_slider" global="true" impUnit="C:/Users/Vivek Singh Baghel/Desktop/sw_startkit_examples/module_capacitive_sensing/src/slider.xc" impId="0" param="0"/></value>
      <value type="interface"><interfaceInfo index="0" type="comb" func="_Sabsolute_slider_0" global="true" impUnit="C:/Users/Vivek Singh Baghel/Desktop/sw_startkit_examples/module_startkit_gpio/src/startkit_gpio.xc" impId="3" param="0"/></value>
      <value type="interface"><interfaceInfo index="0" type="comb" func="_Sabsolute_slider_0" global="true" impUnit="C:/Users/Vivek Singh Baghel/Desktop/sw_startkit_examples/module_startkit_gpio/src/startkit_gpio.xc" impId="4" param="0"/></value>
    </values>
  </arg>
</fInfo>
<fInfo name="slider_task" global="true" specialize="false" noreturn="false" doNotSpecialize="false" numParams="7">
  <arg num="0" specialize="false">
    <values>
    </values>
  </arg>
  <arg num="1" specialize="false">
    <values>
    </values>
  </arg>
  <arg num="2" specialize="false">
    <values>
    </values>
  </arg>
  <arg num="3" specialize="false">
    <values>
    </values>
  </arg>
  <arg num="4" specialize="false">
    <values>
    </values>
  </arg>
  <arg num="5" specialize="false">
    <values>
    </values>
  </arg>
  <arg num="6" specialize="false">
    <values>
    </values>
  </arg>
</fInfo>
<fInfo name="startkit_gpio_driver" global="true" specialize="true" noreturn="false" doNotSpecialize="false" numParams="5">
  <arg num="0" specialize="true">
    <values>
      <value type="interface"><interfaceInfo index="0" type="chan" isYielding="false"/></value>
    </values>
  </arg>
  <arg num="1" specialize="true">
    <values>
      <value type="interface"><interfaceInfo index="0" type="chan" isYielding="false"/></value>
    </values>
  </arg>
  <arg num="2" specialize="true">
    <values>
      <value type="interface"><interfaceInfo index="0" type="chan" isYielding="false"/></value>
    </values>
  </arg>
  <arg num="3" specialize="true">
    <values>
      <value type="interface"><interfaceInfo index="0" type="chan" isYielding="false"/></value>
    </values>
  </arg>
  <arg num="4" specialize="false">
    <values>
      <value type="unknown"/>
    </values>
  </arg>
 <specializations>
   <specialization id="0">
    <arg num="0"><values><value type="interface"><interfaceInfo index="0" type="chan" isYielding="false"/></value></values></arg>
    <arg num="1"><values><value type="interface"><interfaceInfo index="0" type="chan" isYielding="false"/></value></values></arg>
    <arg num="2"><values><value type="interface"><interfaceInfo index="0" type="chan" isYielding="false"/></value></values></arg>
    <arg num="3"><values><value type="interface"><interfaceInfo index="0" type="chan" isYielding="false"/></value></values></arg>
    <arg num="4"><values><value type="unknown"/></values></arg>
   </specialization>
 </specializations>
</fInfo>
<fInfo name="startkit_gpio_driver_aux" global="true" specialize="true" noreturn="true" doNotSpecialize="false" numParams="7">
  <arg num="0" specialize="true">
    <values>
      <value type="interface"><interfaceInfo index="0" type="chan" isYielding="false"/></value>
    </values>
  </arg>
  <arg num="1" specialize="true">
    <values>
      <value type="interface"><interfaceInfo index="0" type="chan" isYielding="false"/></value>
    </values>
  </arg>
  <arg num="2" specialize="true">
    <values>
      <value type="interface"><interfaceInfo index="0" type="chan" isYielding="false"/></value>
    </values>
  </arg>
  <arg num="3" specialize="true">
    <values>
      <value type="interface"><interfaceInfo index="0" type="chan" isYielding="false"/></value>
    </values>
  </arg>
  <arg num="4" specialize="false">
    <values>
      <value type="unknown"/>
    </values>
  </arg>
  <arg num="5" specialize="true">
    <values>
      <value type="interface"><interfaceInfo index="0" type="comb" func="slider" global="true" impUnit="C:/Users/Vivek Singh Baghel/Desktop/sw_startkit_examples/module_startkit_gpio/src/startkit_gpio.xc" impId="1" param="0"/></value>
    </values>
  </arg>
  <arg num="6" specialize="true">
    <values>
      <value type="interface"><interfaceInfo index="0" type="comb" func="slider" global="true" impUnit="C:/Users/Vivek Singh Baghel/Desktop/sw_startkit_examples/module_startkit_gpio/src/startkit_gpio.xc" impId="2" param="0"/></value>
    </values>
  </arg>
 <specializations>
   <specialization id="0">
    <arg num="0"><values><value type="interface"><interfaceInfo index="0" type="chan" isYielding="false"/></value></values></arg>
    <arg num="1"><values><value type="interface"><interfaceInfo index="0" type="chan" isYielding="false"/></value></values></arg>
    <arg num="2"><values><value type="interface"><interfaceInfo index="0" type="chan" isYielding="false"/></value></values></arg>
    <arg num="3"><values><value type="interface"><interfaceInfo index="0" type="chan" isYielding="false"/></value></values></arg>
    <arg num="4"><values><value type="unknown"/></values></arg>
    <arg num="5"><values><value type="interface"><interfaceInfo index="0" type="comb" func="slider" global="true" impUnit="C:/Users/Vivek Singh Baghel/Desktop/sw_startkit_examples/module_startkit_gpio/src/startkit_gpio.xc" impId="1" param="0"/></value></values></arg>
    <arg num="6"><values><value type="interface"><interfaceInfo index="0" type="comb" func="slider" global="true" impUnit="C:/Users/Vivek Singh Baghel/Desktop/sw_startkit_examples/module_startkit_gpio/src/startkit_gpio.xc" impId="2" param="0"/></value></values></arg>
   </specialization>
 </specializations>
</fInfo>
<fInfo name="startkit_led_driver" global="true" specialize="false" noreturn="true" doNotSpecialize="false" numParams="3">
  <arg num="0" specialize="false">
    <values>
    </values>
  </arg>
  <arg num="1" specialize="false">
    <values>
    </values>
  </arg>
  <arg num="2" specialize="false">
    <values>
    </values>
  </arg>
</fInfo>
<fInfo name="user_player" global="true" specialize="true" noreturn="true" doNotSpecialize="false" numParams="4">
  <arg num="0" specialize="true">
    <values>
      <value type="interface"><interfaceInfo index="0" type="comb" func="_Sgame_0" global="true" impUnit="../src/main.xc" impId="0" param="0"/></value>
    </values>
  </arg>
  <arg num="1" specialize="true">
    <values>
      <value type="interface"><interfaceInfo index="0" type="chan" isYielding="false"/></value>
    </values>
  </arg>
  <arg num="2" specialize="true">
    <values>
      <value type="interface"><interfaceInfo index="0" type="chan" isYielding="false"/></value>
    </values>
  </arg>
  <arg num="3" specialize="true">
    <values>
      <value type="interface"><interfaceInfo index="0" type="chan" isYielding="false"/></value>
    </values>
  </arg>
 <specializations>
   <specialization id="0">
    <arg num="0"><values><value type="interface"><interfaceInfo index="0" type="comb" func="_Sgame_0" global="true" impUnit="../src/main.xc" impId="0" param="0"/></value></values></arg>
    <arg num="1"><values><value type="interface"><interfaceInfo index="0" type="chan" isYielding="false"/></value></values></arg>
    <arg num="2"><values><value type="interface"><interfaceInfo index="0" type="chan" isYielding="false"/></value></values></arg>
    <arg num="3"><values><value type="interface"><interfaceInfo index="0" type="chan" isYielding="false"/></value></values></arg>
   </specialization>
 </specializations>
</fInfo>
<fInfo name="xassert_msg" global="true" specialize="false" noreturn="false" doNotSpecialize="true" numParams="1">
  <arg num="0" specialize="false">
    <values>
    </values>
  </arg>
</fInfo>
<fCall name="absolute_slider" global="true" callerUnit="C:/Users/Vivek Singh Baghel/Desktop/sw_startkit_examples/module_capacitive_sensing/src/slider.xc" numArgs="7" impId="0" specializationId="0">
</fCall>
<fCall name="slider_periodic" global="false" unit="C:/Users/Vivek Singh Baghel/Desktop/sw_startkit_examples/module_capacitive_sensing/src/slider.xc" callerUnit="C:/Users/Vivek Singh Baghel/Desktop/sw_startkit_examples/module_capacitive_sensing/src/slider.xc" numArgs="2" impId="2" specializationId="0">
</fCall>
<fCall name="startkit_gpio_driver_aux" global="true" callerUnit="C:/Users/Vivek Singh Baghel/Desktop/sw_startkit_examples/module_startkit_gpio/src/startkit_gpio.xc" numArgs="7" impId="0" specializationId="0">
</fCall>
<fCall name="absolute_slider" global="true" callerUnit="C:/Users/Vivek Singh Baghel/Desktop/sw_startkit_examples/module_startkit_gpio/src/startkit_gpio.xc" numArgs="7" impId="3" specializationId="0">
</fCall>
<fCall name="absolute_slider" global="true" callerUnit="C:/Users/Vivek Singh Baghel/Desktop/sw_startkit_examples/module_startkit_gpio/src/startkit_gpio.xc" numArgs="7" impId="4" specializationId="0">
</fCall>
<fCall name="game" global="true" callerUnit="../src/main.xc" numArgs="2" impId="0" specializationId="0">
</fCall>
<fCall name="user_player" global="true" callerUnit="../src/main.xc" numArgs="4" impId="1" specializationId="0">
</fCall>
<fCall name="computer_player" global="true" callerUnit="../src/main.xc" numArgs="1" impId="2" specializationId="0">
</fCall>
<fCall name="startkit_gpio_driver" global="true" callerUnit="../src/main.xc" numArgs="5" impId="3" specializationId="0">
</fCall>
</preCompilationAnalysis>
