<preCompilationAnalysis file="C:/Users/Vivek Singh Baghel/Desktop/sw_startkit_examples/module_capacitive_sensing/src/capsens.xc">
<fDef name="capsenseInitClock" global="true" noreturn="false" doNotSpecialize="false" numParams="1"/>
<fDef name="delay_microseconds" global="true" noreturn="false" doNotSpecialize="true" numParams="1"/>
<fDef name="delay_milliseconds" global="true" noreturn="false" doNotSpecialize="true" numParams="1"/>
<fDef name="delay_seconds" global="true" noreturn="false" doNotSpecialize="true" numParams="1"/>
<fDef name="measureAverage" global="true" noreturn="false" doNotSpecialize="false" numParams="4"/>
<fDef name="measureAverageBoth" global="true" noreturn="false" doNotSpecialize="false" numParams="5"/>
<fDef name="measureAveragePrint" global="true" noreturn="false" doNotSpecialize="false" numParams="4"/>
<fDef name="measureNbit" global="true" noreturn="false" doNotSpecialize="false" numParams="4"/>
<fDef name="setupNbit" global="true" noreturn="false" doNotSpecialize="false" numParams="2"/>
<fCall name="delay_ticks_longlong" global="true" numArgs="1">
  <arg num="0">
    <values>
      <value type="unknown"/>
    </values>
  </arg>
</fCall>
<fCall name="delay_ticks_longlong" global="true" numArgs="1">
  <arg num="0">
    <values>
      <value type="unknown"/>
    </values>
  </arg>
</fCall>
<fCall name="delay_ticks_longlong" global="true" numArgs="1">
  <arg num="0">
    <values>
      <value type="unknown"/>
    </values>
  </arg>
</fCall>
<fCall name="__builtin_stop_clock" global="true" numArgs="1">
  <arg num="0">
    <passThroughArg param="0" caller="capsenseInitClock" global="true"/>
    <values>
    </values>
  </arg>
</fCall>
<fCall name="__builtin_set_clk_div" global="true" numArgs="2">
  <arg num="0">
    <passThroughArg param="0" caller="capsenseInitClock" global="true"/>
    <values>
    </values>
  </arg>
  <arg num="1">
    <values>
      <value type="intval"><intval isSigned="true" val="1"/></value>
    </values>
  </arg>
</fCall>
<fCall name="__builtin_start_clock" global="true" numArgs="1">
  <arg num="0">
    <passThroughArg param="0" caller="capsenseInitClock" global="true"/>
    <values>
    </values>
  </arg>
</fCall>
<fCall name="configure_in_port" global="true" numArgs="2">
  <arg num="0">
    <values>
      <value type="unknown"/>
    </values>
  </arg>
  <arg num="1">
    <passThroughArg param="1" caller="setupNbit" global="true"/>
    <values>
    </values>
  </arg>
</fCall>
<fCall name="__builtin_sync" global="true" numArgs="1">
  <arg num="0">
    <values>
      <value type="unknown"/>
    </values>
  </arg>
</fCall>
<fCall name="measureNbit" global="true" numArgs="4">
  <arg num="0">
    <passThroughArg param="0" caller="measureAverageBoth" global="true"/>
    <values>
    </values>
  </arg>
  <arg num="1">
    <values>
      <value type="unknown"/>
    </values>
  </arg>
  <arg num="2">
    <passThroughArg param="2" caller="measureAverageBoth" global="true"/>
    <values>
    </values>
  </arg>
  <arg num="3">
    <passThroughArg param="4" caller="measureAverageBoth" global="true"/>
    <values>
    </values>
  </arg>
</fCall>
<fCall name="printf" global="true" numArgs="3">
  <arg num="0">
    <values>
      <value type="unknown"/>
    </values>
  </arg>
  <arg num="1">
    <values>
      <value type="unknown"/>
    </values>
  </arg>
  <arg num="2">
    <values>
      <value type="unknown"/>
    </values>
  </arg>
</fCall>
<fCall name="printf" global="true" numArgs="1">
  <arg num="0">
    <values>
      <value type="unknown"/>
    </values>
  </arg>
</fCall>
<fCall name="measureAverageBoth" global="true" numArgs="5">
  <arg num="0">
    <passThroughArg param="0" caller="measureAveragePrint" global="true"/>
    <values>
    </values>
  </arg>
  <arg num="1">
    <values>
      <value type="unknown"/>
    </values>
  </arg>
  <arg num="2">
    <passThroughArg param="2" caller="measureAveragePrint" global="true"/>
    <values>
    </values>
  </arg>
  <arg num="3">
    <values>
      <value type="intval"><intval isSigned="true" val="1"/></value>
    </values>
  </arg>
  <arg num="4">
    <passThroughArg param="3" caller="measureAveragePrint" global="true"/>
    <values>
    </values>
  </arg>
</fCall>
<fCall name="measureAverageBoth" global="true" numArgs="5">
  <arg num="0">
    <passThroughArg param="0" caller="measureAverage" global="true"/>
    <values>
    </values>
  </arg>
  <arg num="1">
    <values>
      <value type="unknown"/>
    </values>
  </arg>
  <arg num="2">
    <passThroughArg param="2" caller="measureAverage" global="true"/>
    <values>
    </values>
  </arg>
  <arg num="3">
    <values>
      <value type="intval"><intval isSigned="true" val="0"/></value>
    </values>
  </arg>
  <arg num="4">
    <passThroughArg param="3" caller="measureAverage" global="true"/>
    <values>
    </values>
  </arg>
</fCall>
</preCompilationAnalysis>
