<preCompilationAnalysis file="../src/main.xc">
<fDef name="delay_microseconds" global="true" noreturn="false" doNotSpecialize="true" numParams="1"/>
<fDef name="delay_milliseconds" global="true" noreturn="false" doNotSpecialize="true" numParams="1"/>
<fDef name="delay_seconds" global="true" noreturn="false" doNotSpecialize="true" numParams="1"/>
<fDef name="main" global="true" noreturn="false" doNotSpecialize="false" numParams="0"/>
<fCall name="delay_ticks_longlong" global="true" numArgs="1">
  <arg num="0">
    <values>
      <value type="unknown"/>
    </values>
  </arg>
</fCall>
<fCall name="delay_ticks_longlong" global="true" numArgs="1">
  <arg num="0">
    <values>
      <value type="unknown"/>
    </values>
  </arg>
</fCall>
<fCall name="delay_ticks_longlong" global="true" numArgs="1">
  <arg num="0">
    <values>
      <value type="unknown"/>
    </values>
  </arg>
</fCall>
<fCall name="delay_milliseconds" global="true" numArgs="1">
  <arg num="0">
    <values>
      <value type="unknown"/>
    </values>
  </arg>
</fCall>
</preCompilationAnalysis>
