<preCompilationAnalysis file="C:/Users/Vivek Singh Baghel/git/lib_startkit_support/lib_startkit_support/src/slider.xc">
<fDef name="absolute_slider" global="true" noreturn="true" doNotSpecialize="false" numParams="7"/>
<fDef name="changed_state" global="true" interface="slider_if" noreturn="false" doNotSpecialize="false" numParams="0"/>
<fDef name="delay_microseconds" global="true" noreturn="false" doNotSpecialize="true" numParams="1"/>
<fDef name="delay_milliseconds" global="true" noreturn="false" doNotSpecialize="true" numParams="1"/>
<fDef name="delay_seconds" global="true" noreturn="false" doNotSpecialize="true" numParams="1"/>
<fDef name="filter" global="true" interface="slider_query_if" noreturn="false" doNotSpecialize="false" numParams="0"/>
<fDef name="get_coord" global="true" interface="absolute_slider_if" noreturn="false" doNotSpecialize="false" numParams="0"/>
<fDef name="get_coord" global="true" interface="slider_if" noreturn="false" doNotSpecialize="false" numParams="0"/>
<fDef name="get_coord" global="true" interface="slider_query_if" noreturn="false" doNotSpecialize="false" numParams="0"/>
<fDef name="get_slider_state" global="true" interface="slider_if" noreturn="false" doNotSpecialize="false" numParams="0"/>
<fDef name="slider" global="true" noreturn="true" doNotSpecialize="false" numParams="2"/>
<fCall name="delay_ticks_longlong" global="true" numArgs="1">
  <arg num="0">
    <values>
      <value type="unknown"/>
    </values>
  </arg>
</fCall>
<fCall name="delay_ticks_longlong" global="true" numArgs="1">
  <arg num="0">
    <values>
      <value type="unknown"/>
    </values>
  </arg>
</fCall>
<fCall name="delay_ticks_longlong" global="true" numArgs="1">
  <arg num="0">
    <values>
      <value type="unknown"/>
    </values>
  </arg>
</fCall>
<fCall name="setupNbit" global="true" numArgs="2">
  <arg num="0">
    <passThroughArg param="1" caller="absolute_slider" global="true"/>
    <values>
    </values>
  </arg>
  <arg num="1">
    <passThroughArg param="2" caller="absolute_slider" global="true"/>
    <values>
    </values>
  </arg>
</fCall>
<fCall name="measureAverage" global="true" numArgs="4">
  <arg num="0">
    <passThroughArg param="1" caller="absolute_slider" global="true"/>
    <values>
    </values>
  </arg>
  <arg num="1">
    <values>
      <value type="unknown"/>
    </values>
  </arg>
  <arg num="2">
    <values>
      <value type="unknown"/>
    </values>
  </arg>
  <arg num="3">
    <values>
      <value type="unknown"/>
    </values>
  </arg>
</fCall>
<fCall name="measureAverage" global="true" numArgs="4">
  <arg num="0">
    <passThroughArg param="1" caller="absolute_slider" global="true"/>
    <values>
    </values>
  </arg>
  <arg num="1">
    <values>
      <value type="unknown"/>
    </values>
  </arg>
  <arg num="2">
    <values>
      <value type="unknown"/>
    </values>
  </arg>
  <arg num="3">
    <values>
      <value type="unknown"/>
    </values>
  </arg>
</fCall>
<fCall name="__builtin_mac" global="true" numArgs="4">
  <arg num="0">
    <values>
      <value type="unknown"/>
    </values>
  </arg>
  <arg num="1">
    <values>
      <value type="unknown"/>
    </values>
  </arg>
  <arg num="2">
    <values>
      <value type="intval"><intval isSigned="true" val="0"/></value>
    </values>
  </arg>
  <arg num="3">
    <values>
      <value type="unknown"/>
    </values>
  </arg>
</fCall>
<fCall name="get_coord" global="true" interface="absolute_slider_if" numArgs="0">
</fCall>
<fCall name="get_coord" global="true" interface="absolute_slider_if" numArgs="0">
</fCall>
</preCompilationAnalysis>
