<preCompilationAnalysis file="C:/Users/Vivek Singh Baghel/git/lib_startkit_support/lib_startkit_support/src/startkit_adc.xc">
<fDef name="init_adc_network" global="false" unit="C:/Users/Vivek Singh Baghel/git/lib_startkit_support/lib_startkit_support/src/startkit_adc.xc" noreturn="false" doNotSpecialize="false" numParams="0"/>
<fDef name="init_adc_periph" global="false" unit="C:/Users/Vivek Singh Baghel/git/lib_startkit_support/lib_startkit_support/src/startkit_adc.xc" noreturn="false" doNotSpecialize="false" numParams="2"/>
<fDef name="adc_task" global="true" noreturn="true" doNotSpecialize="false" numParams="4"/>
<fDef name="complete" global="true" interface="startkit_adc_if" noreturn="false" doNotSpecialize="false" numParams="0"/>
<fDef name="delay_microseconds" global="true" noreturn="false" doNotSpecialize="true" numParams="1"/>
<fDef name="delay_milliseconds" global="true" noreturn="false" doNotSpecialize="true" numParams="1"/>
<fDef name="delay_seconds" global="true" noreturn="false" doNotSpecialize="true" numParams="1"/>
<fDef name="get_adc_data" global="true" noreturn="false" doNotSpecialize="false" numParams="2"/>
<fDef name="read" global="true" interface="startkit_adc_if" noreturn="false" doNotSpecialize="false" numParams="1"/>
<fDef name="trigger" global="true" interface="startkit_adc_if" noreturn="false" doNotSpecialize="false" numParams="0"/>
<fCall name="delay_ticks_longlong" global="true" numArgs="1">
  <arg num="0">
    <values>
      <value type="unknown"/>
    </values>
  </arg>
</fCall>
<fCall name="delay_ticks_longlong" global="true" numArgs="1">
  <arg num="0">
    <values>
      <value type="unknown"/>
    </values>
  </arg>
</fCall>
<fCall name="delay_ticks_longlong" global="true" numArgs="1">
  <arg num="0">
    <values>
      <value type="unknown"/>
    </values>
  </arg>
</fCall>
<fCall name="__builtin_in_uint" global="true" numArgs="1">
  <arg num="0">
    <passThroughArg param="0" caller="get_adc_data" global="true"/>
    <values>
    </values>
  </arg>
</fCall>
<fCall name="read_node_config_reg" global="true" numArgs="3">
  <arg num="0">
    <values>
      <value type="unknown"/>
    </values>
  </arg>
  <arg num="1">
    <values>
      <value type="intval"><intval isSigned="true" val="135"/></value>
    </values>
  </arg>
  <arg num="2">
    <values>
      <value type="unknown"/>
    </values>
  </arg>
</fCall>
<fCall name="write_node_config_reg" global="true" numArgs="3">
  <arg num="0">
    <values>
      <value type="unknown"/>
    </values>
  </arg>
  <arg num="1">
    <values>
      <value type="intval"><intval isSigned="true" val="133"/></value>
    </values>
  </arg>
  <arg num="2">
    <values>
      <value type="intval"><intval isSigned="false" val="3221233668"/></value>
    </values>
  </arg>
</fCall>
<fCall name="write_node_config_reg" global="true" numArgs="3">
  <arg num="0">
    <values>
      <value type="unknown"/>
    </values>
  </arg>
  <arg num="1">
    <values>
      <value type="intval"><intval isSigned="true" val="133"/></value>
    </values>
  </arg>
  <arg num="2">
    <values>
      <value type="intval"><intval isSigned="false" val="3238010884"/></value>
    </values>
  </arg>
</fCall>
<fCall name="write_sswitch_reg_no_ack" global="true" numArgs="3">
  <arg num="0">
    <values>
      <value type="intval"><intval isSigned="true" val="32768"/></value>
    </values>
  </arg>
  <arg num="1">
    <values>
      <value type="intval"><intval isSigned="true" val="134"/></value>
    </values>
  </arg>
  <arg num="2">
    <values>
      <value type="intval"><intval isSigned="false" val="3238010884"/></value>
    </values>
  </arg>
</fCall>
<fCall name="write_sswitch_reg_no_ack" global="true" numArgs="3">
  <arg num="0">
    <values>
      <value type="intval"><intval isSigned="true" val="32768"/></value>
    </values>
  </arg>
  <arg num="1">
    <values>
      <value type="intval"><intval isSigned="true" val="12"/></value>
    </values>
  </arg>
  <arg num="2">
    <values>
      <value type="intval"><intval isSigned="true" val="286331153"/></value>
    </values>
  </arg>
</fCall>
<fCall name="write_periph_32" global="true" numArgs="5">
  <arg num="0">
    <values>
      <value type="unknown"/>
    </values>
  </arg>
  <arg num="1">
    <values>
      <value type="intval"><intval isSigned="true" val="2"/></value>
    </values>
  </arg>
  <arg num="2">
    <values>
      <value type="intval"><intval isSigned="true" val="32"/></value>
    </values>
  </arg>
  <arg num="3">
    <values>
      <value type="intval"><intval isSigned="true" val="1"/></value>
    </values>
  </arg>
  <arg num="4">
    <values>
      <value type="unknown"/>
    </values>
  </arg>
</fCall>
<fCall name="write_periph_32" global="true" numArgs="5">
  <arg num="0">
    <values>
      <value type="unknown"/>
    </values>
  </arg>
  <arg num="1">
    <values>
      <value type="intval"><intval isSigned="true" val="2"/></value>
    </values>
  </arg>
  <arg num="2">
    <values>
      <value type="intval"><intval isSigned="true" val="0"/></value>
    </values>
  </arg>
  <arg num="3">
    <values>
      <value type="intval"><intval isSigned="true" val="1"/></value>
    </values>
  </arg>
  <arg num="4">
    <values>
      <value type="unknown"/>
    </values>
  </arg>
</fCall>
<fCall name="write_periph_32" global="true" numArgs="5">
  <arg num="0">
    <values>
      <value type="unknown"/>
    </values>
  </arg>
  <arg num="1">
    <values>
      <value type="intval"><intval isSigned="true" val="2"/></value>
    </values>
  </arg>
  <arg num="2">
    <values>
      <value type="intval"><intval isSigned="true" val="4"/></value>
    </values>
  </arg>
  <arg num="3">
    <values>
      <value type="intval"><intval isSigned="true" val="1"/></value>
    </values>
  </arg>
  <arg num="4">
    <values>
      <value type="unknown"/>
    </values>
  </arg>
</fCall>
<fCall name="write_periph_32" global="true" numArgs="5">
  <arg num="0">
    <values>
      <value type="unknown"/>
    </values>
  </arg>
  <arg num="1">
    <values>
      <value type="intval"><intval isSigned="true" val="2"/></value>
    </values>
  </arg>
  <arg num="2">
    <values>
      <value type="intval"><intval isSigned="true" val="8"/></value>
    </values>
  </arg>
  <arg num="3">
    <values>
      <value type="intval"><intval isSigned="true" val="1"/></value>
    </values>
  </arg>
  <arg num="4">
    <values>
      <value type="unknown"/>
    </values>
  </arg>
</fCall>
<fCall name="write_periph_32" global="true" numArgs="5">
  <arg num="0">
    <values>
      <value type="unknown"/>
    </values>
  </arg>
  <arg num="1">
    <values>
      <value type="intval"><intval isSigned="true" val="2"/></value>
    </values>
  </arg>
  <arg num="2">
    <values>
      <value type="intval"><intval isSigned="true" val="12"/></value>
    </values>
  </arg>
  <arg num="3">
    <values>
      <value type="intval"><intval isSigned="true" val="1"/></value>
    </values>
  </arg>
  <arg num="4">
    <values>
      <value type="unknown"/>
    </values>
  </arg>
</fCall>
<fCall name="write_periph_32" global="true" numArgs="5">
  <arg num="0">
    <values>
      <value type="unknown"/>
    </values>
  </arg>
  <arg num="1">
    <values>
      <value type="intval"><intval isSigned="true" val="2"/></value>
    </values>
  </arg>
  <arg num="2">
    <values>
      <value type="intval"><intval isSigned="true" val="32"/></value>
    </values>
  </arg>
  <arg num="3">
    <values>
      <value type="intval"><intval isSigned="true" val="1"/></value>
    </values>
  </arg>
  <arg num="4">
    <values>
      <value type="unknown"/>
    </values>
  </arg>
</fCall>
<fCall name="init_adc_network" global="false" unit="C:/Users/Vivek Singh Baghel/git/lib_startkit_support/lib_startkit_support/src/startkit_adc.xc" numArgs="0">
</fCall>
<fCall name="init_adc_periph" global="false" unit="C:/Users/Vivek Singh Baghel/git/lib_startkit_support/lib_startkit_support/src/startkit_adc.xc" numArgs="2">
  <arg num="0">
    <passThroughArg param="1" caller="adc_task" global="true"/>
    <values>
    </values>
  </arg>
  <arg num="1">
    <passThroughArg param="3" caller="adc_task" global="true"/>
    <values>
    </values>
  </arg>
</fCall>
<fCall name="__builtin_timer_after" global="true" numArgs="2">
  <arg num="0">
    <values>
      <value type="unknown"/>
    </values>
  </arg>
  <arg num="1">
    <values>
      <value type="unknown"/>
    </values>
  </arg>
</fCall>
<fCall name="__builtin_timer_after" global="true" numArgs="2">
  <arg num="0">
    <values>
      <value type="unknown"/>
    </values>
  </arg>
  <arg num="1">
    <values>
      <value type="unknown"/>
    </values>
  </arg>
</fCall>
<fCall name="get_adc_data" global="true" numArgs="2">
  <arg num="0">
    <passThroughArg param="1" caller="adc_task" global="true"/>
    <values>
    </values>
  </arg>
  <arg num="1">
    <values>
      <value type="unknown"/>
    </values>
  </arg>
</fCall>
<fCall name="get_adc_data" global="true" numArgs="2">
  <arg num="0">
    <passThroughArg param="1" caller="adc_task" global="true"/>
    <values>
    </values>
  </arg>
  <arg num="1">
    <values>
      <value type="unknown"/>
    </values>
  </arg>
</fCall>
<fCall name="__builtin_chkct" global="true" numArgs="2">
  <arg num="0">
    <passThroughArg param="1" caller="adc_task" global="true"/>
    <values>
    </values>
  </arg>
  <arg num="1">
    <values>
      <value type="intval"><intval isSigned="true" val="1"/></value>
    </values>
  </arg>
</fCall>
<fCall name="complete" global="true" interface="startkit_adc_if" numArgs="0">
</fCall>
</preCompilationAnalysis>
