<preCompilationAnalysis file="C:/Users/Vivek Singh Baghel/git/lib_startkit_support/lib_startkit_support/src/startkit_slider.xc">
<fDef name="slider_periodic" global="false" unit="C:/Users/Vivek Singh Baghel/git/lib_startkit_support/lib_startkit_support/src/startkit_slider.xc" noreturn="true" doNotSpecialize="false" numParams="2"/>
<fDef name="changed_state" global="true" interface="slider_if" noreturn="false" doNotSpecialize="false" numParams="0"/>
<fDef name="delay_microseconds" global="true" noreturn="false" doNotSpecialize="true" numParams="1"/>
<fDef name="delay_milliseconds" global="true" noreturn="false" doNotSpecialize="true" numParams="1"/>
<fDef name="delay_seconds" global="true" noreturn="false" doNotSpecialize="true" numParams="1"/>
<fDef name="filter" global="true" interface="slider_query_if" noreturn="false" doNotSpecialize="false" numParams="0"/>
<fDef name="get_coord" global="true" interface="absolute_slider_if" noreturn="false" doNotSpecialize="false" numParams="0"/>
<fDef name="get_coord" global="true" interface="slider_if" noreturn="false" doNotSpecialize="false" numParams="0"/>
<fDef name="get_coord" global="true" interface="slider_query_if" noreturn="false" doNotSpecialize="false" numParams="0"/>
<fDef name="get_slider_state" global="true" interface="slider_if" noreturn="false" doNotSpecialize="false" numParams="0"/>
<fDef name="slider_task" global="true" noreturn="false" doNotSpecialize="false" numParams="7"/>
<fCall name="delay_ticks_longlong" global="true" numArgs="1">
  <arg num="0">
    <values>
      <value type="unknown"/>
    </values>
  </arg>
</fCall>
<fCall name="delay_ticks_longlong" global="true" numArgs="1">
  <arg num="0">
    <values>
      <value type="unknown"/>
    </values>
  </arg>
</fCall>
<fCall name="delay_ticks_longlong" global="true" numArgs="1">
  <arg num="0">
    <values>
      <value type="unknown"/>
    </values>
  </arg>
</fCall>
<fCall name="__builtin_timer_after" global="true" numArgs="2">
  <arg num="0">
    <values>
      <value type="unknown"/>
    </values>
  </arg>
  <arg num="1">
    <values>
      <value type="unknown"/>
    </values>
  </arg>
</fCall>
<fCall name="filter" global="true" interface="slider_query_if" numArgs="0">
</fCall>
<fCall name="changed_state" global="true" interface="slider_if" numArgs="0">
</fCall>
<fCall name="get_coord" global="true" interface="slider_query_if" numArgs="0">
</fCall>
<fCall name="absolute_slider" global="true" numArgs="7" impId="0">
  <arg num="0">
    <values>
      <value type="interface"><interfaceInfo index="0" type="comb" func="absolute_slider" global="true" impUnit="C:/Users/Vivek Singh Baghel/git/lib_startkit_support/lib_startkit_support/src/startkit_slider.xc" impId="0" param="0"/></value>
    </values>
  </arg>
  <arg num="1">
    <passThroughArg param="1" caller="slider_task" global="true"/>
    <values>
    </values>
  </arg>
  <arg num="2">
    <passThroughArg param="2" caller="slider_task" global="true"/>
    <values>
    </values>
  </arg>
  <arg num="3">
    <passThroughArg param="3" caller="slider_task" global="true"/>
    <values>
    </values>
  </arg>
  <arg num="4">
    <passThroughArg param="4" caller="slider_task" global="true"/>
    <values>
    </values>
  </arg>
  <arg num="5">
    <passThroughArg param="5" caller="slider_task" global="true"/>
    <values>
    </values>
  </arg>
  <arg num="6">
    <passThroughArg param="6" caller="slider_task" global="true"/>
    <values>
    </values>
  </arg>
</fCall>
<fCall name="slider" global="true" numArgs="2" impId="1">
  <arg num="0">
    <values>
      <value type="interface"><interfaceInfo index="0" type="comb" func="slider" global="true" impUnit="C:/Users/Vivek Singh Baghel/git/lib_startkit_support/lib_startkit_support/src/startkit_slider.xc" impId="1" param="0"/></value>
    </values>
  </arg>
  <arg num="1">
    <values>
      <value type="interface"><interfaceInfo index="0" type="comb" func="absolute_slider" global="true" impUnit="C:/Users/Vivek Singh Baghel/git/lib_startkit_support/lib_startkit_support/src/startkit_slider.xc" impId="0" param="0"/></value>
    </values>
  </arg>
</fCall>
<fCall name="slider_periodic" global="false" unit="C:/Users/Vivek Singh Baghel/git/lib_startkit_support/lib_startkit_support/src/startkit_slider.xc" numArgs="2" impId="2">
  <arg num="0">
    <passThroughArg param="0" caller="slider_task" global="true"/>
    <values>
    </values>
  </arg>
  <arg num="1">
    <values>
      <value type="interface"><interfaceInfo index="0" type="comb" func="slider" global="true" impUnit="C:/Users/Vivek Singh Baghel/git/lib_startkit_support/lib_startkit_support/src/startkit_slider.xc" impId="1" param="0"/></value>
    </values>
  </arg>
</fCall>
</preCompilationAnalysis>
