<preCompilationAnalysis file="C:/Users/Vivek Singh Baghel/git/lib_startkit_support/lib_startkit_support/src/startkit_gpio.xc">
<fDef name="changed" global="true" interface="startkit_button_if" noreturn="false" doNotSpecialize="false" numParams="0"/>
<fDef name="changed_state" global="true" interface="slider_if" noreturn="false" doNotSpecialize="false" numParams="0"/>
<fDef name="delay_microseconds" global="true" noreturn="false" doNotSpecialize="true" numParams="1"/>
<fDef name="delay_milliseconds" global="true" noreturn="false" doNotSpecialize="true" numParams="1"/>
<fDef name="delay_seconds" global="true" noreturn="false" doNotSpecialize="true" numParams="1"/>
<fDef name="filter" global="true" interface="slider_query_if" noreturn="false" doNotSpecialize="false" numParams="0"/>
<fDef name="get_coord" global="true" interface="absolute_slider_if" noreturn="false" doNotSpecialize="false" numParams="0"/>
<fDef name="get_coord" global="true" interface="slider_if" noreturn="false" doNotSpecialize="false" numParams="0"/>
<fDef name="get_coord" global="true" interface="slider_query_if" noreturn="false" doNotSpecialize="false" numParams="0"/>
<fDef name="get_slider_state" global="true" interface="slider_if" noreturn="false" doNotSpecialize="false" numParams="0"/>
<fDef name="get_value" global="true" interface="startkit_button_if" noreturn="false" doNotSpecialize="false" numParams="0"/>
<fDef name="set" global="true" interface="startkit_led_if" noreturn="false" doNotSpecialize="false" numParams="3"/>
<fDef name="set_multiple" global="true" interface="startkit_led_if" noreturn="false" doNotSpecialize="false" numParams="2"/>
<fDef name="startkit_gpio_driver" global="true" noreturn="false" doNotSpecialize="false" numParams="5"/>
<fDef name="startkit_gpio_driver_aux" global="true" noreturn="true" doNotSpecialize="false" numParams="7"/>
<fDef name="startkit_led_driver" global="true" noreturn="true" doNotSpecialize="false" numParams="3"/>
<fCall name="delay_ticks_longlong" global="true" numArgs="1">
  <arg num="0">
    <values>
      <value type="unknown"/>
    </values>
  </arg>
</fCall>
<fCall name="delay_ticks_longlong" global="true" numArgs="1">
  <arg num="0">
    <values>
      <value type="unknown"/>
    </values>
  </arg>
</fCall>
<fCall name="delay_ticks_longlong" global="true" numArgs="1">
  <arg num="0">
    <values>
      <value type="unknown"/>
    </values>
  </arg>
</fCall>
<fCall name="__builtin_timer_after" global="true" numArgs="2">
  <arg num="0">
    <values>
      <value type="unknown"/>
    </values>
  </arg>
  <arg num="1">
    <values>
      <value type="unknown"/>
    </values>
  </arg>
</fCall>
<fCall name="__builtin_timer_after" global="true" numArgs="2">
  <arg num="0">
    <values>
      <value type="unknown"/>
    </values>
  </arg>
  <arg num="1">
    <values>
      <value type="unknown"/>
    </values>
  </arg>
</fCall>
<fCall name="changed" global="true" interface="startkit_button_if" numArgs="0">
</fCall>
<fCall name="filter" global="true" interface="slider_query_if" numArgs="0">
</fCall>
<fCall name="changed_state" global="true" interface="slider_if" numArgs="0">
</fCall>
<fCall name="filter" global="true" interface="slider_query_if" numArgs="0">
</fCall>
<fCall name="changed_state" global="true" interface="slider_if" numArgs="0">
</fCall>
<fCall name="get_coord" global="true" interface="slider_query_if" numArgs="0">
</fCall>
<fCall name="get_coord" global="true" interface="slider_query_if" numArgs="0">
</fCall>
<fCall name="capsenseInitClock" global="true" numArgs="1">
  <arg num="0">
    <values>
      <value type="unknown"/>
    </values>
  </arg>
</fCall>
<fCall name="startkit_gpio_driver_aux" global="true" numArgs="7" impId="0">
  <arg num="0">
    <passThroughArg param="0" caller="startkit_gpio_driver" global="true"/>
    <values>
    </values>
  </arg>
  <arg num="1">
    <passThroughArg param="1" caller="startkit_gpio_driver" global="true"/>
    <values>
    </values>
  </arg>
  <arg num="2">
    <passThroughArg param="2" caller="startkit_gpio_driver" global="true"/>
    <values>
    </values>
  </arg>
  <arg num="3">
    <passThroughArg param="3" caller="startkit_gpio_driver" global="true"/>
    <values>
    </values>
  </arg>
  <arg num="4">
    <values>
      <value type="unknown"/>
    </values>
  </arg>
  <arg num="5">
    <values>
      <value type="interface"><interfaceInfo index="0" type="comb" func="slider" global="true" impUnit="C:/Users/Vivek Singh Baghel/git/lib_startkit_support/lib_startkit_support/src/startkit_gpio.xc" impId="1" param="0"/></value>
    </values>
  </arg>
  <arg num="6">
    <values>
      <value type="interface"><interfaceInfo index="0" type="comb" func="slider" global="true" impUnit="C:/Users/Vivek Singh Baghel/git/lib_startkit_support/lib_startkit_support/src/startkit_gpio.xc" impId="2" param="0"/></value>
    </values>
  </arg>
</fCall>
<fCall name="slider" global="true" numArgs="2" impId="1">
  <arg num="0">
    <values>
      <value type="interface"><interfaceInfo index="0" type="comb" func="slider" global="true" impUnit="C:/Users/Vivek Singh Baghel/git/lib_startkit_support/lib_startkit_support/src/startkit_gpio.xc" impId="1" param="0"/></value>
    </values>
  </arg>
  <arg num="1">
    <values>
      <value type="interface"><interfaceInfo index="0" type="comb" func="absolute_slider" global="true" impUnit="C:/Users/Vivek Singh Baghel/git/lib_startkit_support/lib_startkit_support/src/startkit_gpio.xc" impId="3" param="0"/></value>
    </values>
  </arg>
</fCall>
<fCall name="slider" global="true" numArgs="2" impId="2">
  <arg num="0">
    <values>
      <value type="interface"><interfaceInfo index="0" type="comb" func="slider" global="true" impUnit="C:/Users/Vivek Singh Baghel/git/lib_startkit_support/lib_startkit_support/src/startkit_gpio.xc" impId="2" param="0"/></value>
    </values>
  </arg>
  <arg num="1">
    <values>
      <value type="interface"><interfaceInfo index="0" type="comb" func="absolute_slider" global="true" impUnit="C:/Users/Vivek Singh Baghel/git/lib_startkit_support/lib_startkit_support/src/startkit_gpio.xc" impId="4" param="0"/></value>
    </values>
  </arg>
</fCall>
<fCall name="absolute_slider" global="true" numArgs="7" impId="3">
  <arg num="0">
    <values>
      <value type="interface"><interfaceInfo index="0" type="comb" func="absolute_slider" global="true" impUnit="C:/Users/Vivek Singh Baghel/git/lib_startkit_support/lib_startkit_support/src/startkit_gpio.xc" impId="3" param="0"/></value>
    </values>
  </arg>
  <arg num="1">
    <values>
      <value type="unknown"/>
    </values>
  </arg>
  <arg num="2">
    <values>
      <value type="unknown"/>
    </values>
  </arg>
  <arg num="3">
    <values>
      <value type="intval"><intval isSigned="true" val="4"/></value>
    </values>
  </arg>
  <arg num="4">
    <values>
      <value type="intval"><intval isSigned="true" val="80"/></value>
    </values>
  </arg>
  <arg num="5">
    <values>
      <value type="intval"><intval isSigned="true" val="100"/></value>
    </values>
  </arg>
  <arg num="6">
    <values>
      <value type="intval"><intval isSigned="true" val="50"/></value>
    </values>
  </arg>
</fCall>
<fCall name="absolute_slider" global="true" numArgs="7" impId="4">
  <arg num="0">
    <values>
      <value type="interface"><interfaceInfo index="0" type="comb" func="absolute_slider" global="true" impUnit="C:/Users/Vivek Singh Baghel/git/lib_startkit_support/lib_startkit_support/src/startkit_gpio.xc" impId="4" param="0"/></value>
    </values>
  </arg>
  <arg num="1">
    <values>
      <value type="unknown"/>
    </values>
  </arg>
  <arg num="2">
    <values>
      <value type="unknown"/>
    </values>
  </arg>
  <arg num="3">
    <values>
      <value type="intval"><intval isSigned="true" val="4"/></value>
    </values>
  </arg>
  <arg num="4">
    <values>
      <value type="intval"><intval isSigned="true" val="80"/></value>
    </values>
  </arg>
  <arg num="5">
    <values>
      <value type="intval"><intval isSigned="true" val="100"/></value>
    </values>
  </arg>
  <arg num="6">
    <values>
      <value type="intval"><intval isSigned="true" val="50"/></value>
    </values>
  </arg>
</fCall>
</preCompilationAnalysis>
