<preCompilationAnalysis file="../src/game.xc">
<fDef name="clear_board" global="false" unit="../src/game.xc" noreturn="false" doNotSpecialize="false" numParams="1"/>
<fDef name="display_board" global="false" unit="../src/game.xc" noreturn="false" doNotSpecialize="false" numParams="2"/>
<fDef name="display_ending" global="false" unit="../src/game.xc" noreturn="false" doNotSpecialize="false" numParams="3"/>
<fDef name="get_led_level" global="false" unit="../src/game.xc" noreturn="false" doNotSpecialize="false" numParams="1"/>
<fDef name="_safe_memcmp" global="true" noreturn="false" doNotSpecialize="true" numParams="3"/>
<fDef name="_safe_memmove" global="true" noreturn="false" doNotSpecialize="true" numParams="3"/>
<fDef name="_safe_memset" global="true" noreturn="false" doNotSpecialize="true" numParams="3"/>
<fDef name="changed" global="true" interface="startkit_button_if" noreturn="false" doNotSpecialize="false" numParams="0"/>
<fDef name="changed_state" global="true" interface="slider_if" noreturn="false" doNotSpecialize="false" numParams="0"/>
<fDef name="clear_cursor" global="true" interface="player_if" noreturn="false" doNotSpecialize="false" numParams="0"/>
<fDef name="delay_microseconds" global="true" noreturn="false" doNotSpecialize="true" numParams="1"/>
<fDef name="delay_milliseconds" global="true" noreturn="false" doNotSpecialize="true" numParams="1"/>
<fDef name="delay_seconds" global="true" noreturn="false" doNotSpecialize="true" numParams="1"/>
<fDef name="filter" global="true" interface="slider_query_if" noreturn="false" doNotSpecialize="false" numParams="0"/>
<fDef name="game" global="true" noreturn="true" doNotSpecialize="false" numParams="2"/>
<fDef name="get_board" global="true" interface="player_if" noreturn="false" doNotSpecialize="false" numParams="1"/>
<fDef name="get_coord" global="true" interface="absolute_slider_if" noreturn="false" doNotSpecialize="false" numParams="0"/>
<fDef name="get_coord" global="true" interface="slider_if" noreturn="false" doNotSpecialize="false" numParams="0"/>
<fDef name="get_coord" global="true" interface="slider_query_if" noreturn="false" doNotSpecialize="false" numParams="0"/>
<fDef name="get_my_val" global="true" interface="player_if" noreturn="false" doNotSpecialize="false" numParams="0"/>
<fDef name="get_slider_state" global="true" interface="slider_if" noreturn="false" doNotSpecialize="false" numParams="0"/>
<fDef name="get_value" global="true" interface="startkit_button_if" noreturn="false" doNotSpecialize="false" numParams="0"/>
<fDef name="move_required" global="true" interface="player_if" noreturn="false" doNotSpecialize="false" numParams="0"/>
<fDef name="play" global="true" interface="player_if" noreturn="false" doNotSpecialize="false" numParams="2"/>
<fDef name="set" global="true" interface="startkit_led_if" noreturn="false" doNotSpecialize="false" numParams="3"/>
<fDef name="set_cursor" global="true" interface="player_if" noreturn="false" doNotSpecialize="false" numParams="2"/>
<fDef name="set_multiple" global="true" interface="startkit_led_if" noreturn="false" doNotSpecialize="false" numParams="2"/>
<fDef name="xassert_msg" global="true" noreturn="false" doNotSpecialize="true" numParams="1"/>
<fCall name="delay_ticks_longlong" global="true" numArgs="1">
  <arg num="0">
    <values>
      <value type="unknown"/>
    </values>
  </arg>
</fCall>
<fCall name="delay_ticks_longlong" global="true" numArgs="1">
  <arg num="0">
    <values>
      <value type="unknown"/>
    </values>
  </arg>
</fCall>
<fCall name="delay_ticks_longlong" global="true" numArgs="1">
  <arg num="0">
    <values>
      <value type="unknown"/>
    </values>
  </arg>
</fCall>
<fCall name="memcmp" global="true" numArgs="3">
  <arg num="0">
    <values>
      <value type="unknown"/>
    </values>
  </arg>
  <arg num="1">
    <values>
      <value type="unknown"/>
    </values>
  </arg>
  <arg num="2">
    <passThroughArg param="2" caller="_safe_memcmp" global="true"/>
    <values>
    </values>
  </arg>
</fCall>
<fCall name="__builtin_array_bound" global="true" numArgs="1">
  <arg num="0">
    <values>
      <value type="unknown"/>
    </values>
  </arg>
</fCall>
<fCall name="__builtin_trap" global="true" numArgs="0">
</fCall>
<fCall name="memmove" global="true" numArgs="3">
  <arg num="0">
    <values>
      <value type="unknown"/>
    </values>
  </arg>
  <arg num="1">
    <values>
      <value type="unknown"/>
    </values>
  </arg>
  <arg num="2">
    <passThroughArg param="2" caller="_safe_memmove" global="true"/>
    <values>
    </values>
  </arg>
</fCall>
<fCall name="__builtin_array_bound" global="true" numArgs="1">
  <arg num="0">
    <values>
      <value type="unknown"/>
    </values>
  </arg>
</fCall>
<fCall name="__builtin_trap" global="true" numArgs="0">
</fCall>
<fCall name="memset" global="true" numArgs="3">
  <arg num="0">
    <values>
      <value type="unknown"/>
    </values>
  </arg>
  <arg num="1">
    <passThroughArg param="1" caller="_safe_memset" global="true"/>
    <values>
    </values>
  </arg>
  <arg num="2">
    <passThroughArg param="2" caller="_safe_memset" global="true"/>
    <values>
    </values>
  </arg>
</fCall>
<fCall name="set" global="true" interface="startkit_led_if" numArgs="3">
  <arg num="0">
    <values>
      <value type="unknown"/>
    </values>
  </arg>
  <arg num="1">
    <values>
      <value type="unknown"/>
    </values>
  </arg>
  <arg num="2">
    <values>
      <value type="unknown"/>
    </values>
  </arg>
</fCall>
<fCall name="get_led_level" global="false" unit="../src/game.xc" numArgs="1">
  <arg num="0">
    <values>
      <value type="unknown"/>
    </values>
  </arg>
</fCall>
<fCall name="get_led_level" global="false" unit="../src/game.xc" numArgs="1">
  <arg num="0">
    <passThroughArg param="2" caller="display_ending" global="false" unit="../src/game.xc"/>
    <values>
    </values>
  </arg>
</fCall>
<fCall name="set" global="true" interface="startkit_led_if" numArgs="3">
  <arg num="0">
    <values>
      <value type="unknown"/>
    </values>
  </arg>
  <arg num="1">
    <values>
      <value type="unknown"/>
    </values>
  </arg>
  <arg num="2">
    <values>
      <value type="unknown"/>
    </values>
  </arg>
</fCall>
<fCall name="__builtin_timer_after" global="true" numArgs="2">
  <arg num="0">
    <values>
      <value type="unknown"/>
    </values>
  </arg>
  <arg num="1">
    <values>
      <value type="unknown"/>
    </values>
  </arg>
</fCall>
<fCall name="clear_board" global="false" unit="../src/game.xc" numArgs="1">
  <arg num="0">
    <values>
      <value type="unknown"/>
    </values>
  </arg>
</fCall>
<fCall name="my_random" global="true" numArgs="1">
  <arg num="0">
    <values>
      <value type="intval"><intval isSigned="true" val="2"/></value>
    </values>
  </arg>
</fCall>
<fCall name="move_required" global="true" interface="player_if" numArgs="0">
</fCall>
<fCall name="__builtin_trap" global="true" numArgs="0">
</fCall>
<fCall name="__builtin_trap" global="true" numArgs="0">
</fCall>
<fCall name="display_board" global="false" unit="../src/game.xc" numArgs="2">
  <arg num="0">
    <passThroughArg param="1" caller="game" global="true"/>
    <values>
    </values>
  </arg>
  <arg num="1">
    <values>
      <value type="unknown"/>
    </values>
  </arg>
</fCall>
<fCall name="score" global="true" numArgs="3">
  <arg num="0">
    <values>
      <value type="unknown"/>
    </values>
  </arg>
  <arg num="1">
    <values>
      <value type="unknown"/>
    </values>
  </arg>
  <arg num="2">
    <values>
      <value type="unknown"/>
    </values>
  </arg>
</fCall>
<fCall name="display_ending" global="false" unit="../src/game.xc" numArgs="3">
  <arg num="0">
    <passThroughArg param="1" caller="game" global="true"/>
    <values>
    </values>
  </arg>
  <arg num="1">
    <values>
      <value type="unknown"/>
    </values>
  </arg>
  <arg num="2">
    <values>
      <value type="unknown"/>
    </values>
  </arg>
</fCall>
<fCall name="clear_board" global="false" unit="../src/game.xc" numArgs="1">
  <arg num="0">
    <values>
      <value type="unknown"/>
    </values>
  </arg>
</fCall>
<fCall name="display_board" global="false" unit="../src/game.xc" numArgs="2">
  <arg num="0">
    <passThroughArg param="1" caller="game" global="true"/>
    <values>
    </values>
  </arg>
  <arg num="1">
    <values>
      <value type="unknown"/>
    </values>
  </arg>
</fCall>
<fCall name="my_random" global="true" numArgs="1">
  <arg num="0">
    <values>
      <value type="intval"><intval isSigned="true" val="2"/></value>
    </values>
  </arg>
</fCall>
<fCall name="move_required" global="true" interface="player_if" numArgs="0">
</fCall>
<fCall name="move_required" global="true" interface="player_if" numArgs="0">
</fCall>
<fCall name="__builtin_memcpy_xc" global="true" numArgs="3">
  <arg num="0">
    <passThroughArg param="0" caller="get_board" global="true" interface="player_if"/>
    <values>
    </values>
  </arg>
  <arg num="1">
    <values>
      <value type="unknown"/>
    </values>
  </arg>
  <arg num="2">
    <values>
      <value type="intval"><intval isSigned="false" val="9"/></value>
    </values>
  </arg>
</fCall>
<fCall name="__builtin_trap" global="true" numArgs="0">
</fCall>
<fCall name="set" global="true" interface="startkit_led_if" numArgs="3">
  <arg num="0">
    <values>
      <value type="unknown"/>
    </values>
  </arg>
  <arg num="1">
    <values>
      <value type="unknown"/>
    </values>
  </arg>
  <arg num="2">
    <values>
      <value type="unknown"/>
    </values>
  </arg>
</fCall>
<fCall name="get_led_level" global="false" unit="../src/game.xc" numArgs="1">
  <arg num="0">
    <values>
      <value type="unknown"/>
    </values>
  </arg>
</fCall>
<fCall name="set" global="true" interface="startkit_led_if" numArgs="3">
  <arg num="0">
    <values>
      <value type="unknown"/>
    </values>
  </arg>
  <arg num="1">
    <values>
      <value type="unknown"/>
    </values>
  </arg>
  <arg num="2">
    <values>
      <value type="unknown"/>
    </values>
  </arg>
</fCall>
<fCall name="set" global="true" interface="startkit_led_if" numArgs="3">
  <arg num="0">
    <values>
      <value type="unknown"/>
    </values>
  </arg>
  <arg num="1">
    <values>
      <value type="unknown"/>
    </values>
  </arg>
  <arg num="2">
    <values>
      <value type="unknown"/>
    </values>
  </arg>
</fCall>
<fCall name="get_led_level" global="false" unit="../src/game.xc" numArgs="1">
  <arg num="0">
    <values>
      <value type="unknown"/>
    </values>
  </arg>
</fCall>
<fCall name="__builtin_timer_after" global="true" numArgs="2">
  <arg num="0">
    <values>
      <value type="unknown"/>
    </values>
  </arg>
  <arg num="1">
    <values>
      <value type="unknown"/>
    </values>
  </arg>
</fCall>
<fCall name="set" global="true" interface="startkit_led_if" numArgs="3">
  <arg num="0">
    <values>
      <value type="unknown"/>
    </values>
  </arg>
  <arg num="1">
    <values>
      <value type="unknown"/>
    </values>
  </arg>
  <arg num="2">
    <values>
      <value type="unknown"/>
    </values>
  </arg>
</fCall>
</preCompilationAnalysis>
