<preCompilationAnalysis file="../src/main.xc">
<fDef name="changed" global="true" interface="startkit_button_if" noreturn="false" doNotSpecialize="false" numParams="0"/>
<fDef name="changed_state" global="true" interface="slider_if" noreturn="false" doNotSpecialize="false" numParams="0"/>
<fDef name="clear_cursor" global="true" interface="player_if" noreturn="false" doNotSpecialize="false" numParams="0"/>
<fDef name="delay_microseconds" global="true" noreturn="false" doNotSpecialize="true" numParams="1"/>
<fDef name="delay_milliseconds" global="true" noreturn="false" doNotSpecialize="true" numParams="1"/>
<fDef name="delay_seconds" global="true" noreturn="false" doNotSpecialize="true" numParams="1"/>
<fDef name="filter" global="true" interface="slider_query_if" noreturn="false" doNotSpecialize="false" numParams="0"/>
<fDef name="get_board" global="true" interface="player_if" noreturn="false" doNotSpecialize="false" numParams="1"/>
<fDef name="get_coord" global="true" interface="absolute_slider_if" noreturn="false" doNotSpecialize="false" numParams="0"/>
<fDef name="get_coord" global="true" interface="slider_if" noreturn="false" doNotSpecialize="false" numParams="0"/>
<fDef name="get_coord" global="true" interface="slider_query_if" noreturn="false" doNotSpecialize="false" numParams="0"/>
<fDef name="get_my_val" global="true" interface="player_if" noreturn="false" doNotSpecialize="false" numParams="0"/>
<fDef name="get_slider_state" global="true" interface="slider_if" noreturn="false" doNotSpecialize="false" numParams="0"/>
<fDef name="get_value" global="true" interface="startkit_button_if" noreturn="false" doNotSpecialize="false" numParams="0"/>
<fDef name="main" global="true" noreturn="false" doNotSpecialize="false" numParams="0"/>
<fDef name="move_required" global="true" interface="player_if" noreturn="false" doNotSpecialize="false" numParams="0"/>
<fDef name="play" global="true" interface="player_if" noreturn="false" doNotSpecialize="false" numParams="2"/>
<fDef name="set" global="true" interface="startkit_led_if" noreturn="false" doNotSpecialize="false" numParams="3"/>
<fDef name="set_cursor" global="true" interface="player_if" noreturn="false" doNotSpecialize="false" numParams="2"/>
<fDef name="set_multiple" global="true" interface="startkit_led_if" noreturn="false" doNotSpecialize="false" numParams="2"/>
<fCall name="delay_ticks_longlong" global="true" numArgs="1">
  <arg num="0">
    <values>
      <value type="unknown"/>
    </values>
  </arg>
</fCall>
<fCall name="delay_ticks_longlong" global="true" numArgs="1">
  <arg num="0">
    <values>
      <value type="unknown"/>
    </values>
  </arg>
</fCall>
<fCall name="delay_ticks_longlong" global="true" numArgs="1">
  <arg num="0">
    <values>
      <value type="unknown"/>
    </values>
  </arg>
</fCall>
<fCall name="game" global="true" numArgs="2" impId="0">
  <arg num="0">
    <values>
      <value type="interface"><interfaceInfo index="0" type="comb" func="game" global="true" impUnit="../src/main.xc" impId="0" param="0"/><interfaceInfo index="1" type="comb" func="game" global="true" impUnit="../src/main.xc" impId="0" param="0"/></value>
    </values>
  </arg>
  <arg num="1">
    <values>
      <value type="interface"><interfaceInfo index="0" type="chan" isYielding="false"/></value>
    </values>
  </arg>
</fCall>
<fCall name="user_player" global="true" numArgs="4" impId="1">
  <arg num="0">
    <values>
      <value type="interface"><interfaceInfo index="0" type="comb" func="game" global="true" impUnit="../src/main.xc" impId="0" param="0"/></value>
    </values>
  </arg>
  <arg num="1">
    <values>
      <value type="interface"><interfaceInfo index="0" type="chan" isYielding="false"/></value>
    </values>
  </arg>
  <arg num="2">
    <values>
      <value type="interface"><interfaceInfo index="0" type="chan" isYielding="false"/></value>
    </values>
  </arg>
  <arg num="3">
    <values>
      <value type="interface"><interfaceInfo index="0" type="chan" isYielding="false"/></value>
    </values>
  </arg>
</fCall>
<fCall name="computer_player" global="true" numArgs="1" impId="2">
  <arg num="0">
    <values>
      <value type="interface"><interfaceInfo index="1" type="comb" func="game" global="true" impUnit="../src/main.xc" impId="0" param="0"/></value>
    </values>
  </arg>
</fCall>
<fCall name="startkit_gpio_driver" global="true" numArgs="5" impId="3">
  <arg num="0">
    <values>
      <value type="interface"><interfaceInfo index="0" type="chan" isYielding="false"/></value>
    </values>
  </arg>
  <arg num="1">
    <values>
      <value type="interface"><interfaceInfo index="0" type="chan" isYielding="false"/></value>
    </values>
  </arg>
  <arg num="2">
    <values>
      <value type="interface"><interfaceInfo index="0" type="chan" isYielding="false"/></value>
    </values>
  </arg>
  <arg num="3">
    <values>
      <value type="interface"><interfaceInfo index="0" type="chan" isYielding="false"/></value>
    </values>
  </arg>
  <arg num="4">
    <values>
      <value type="unknown"/>
    </values>
  </arg>
</fCall>
</preCompilationAnalysis>
