<preCompilationAnalysis file="../src/random.xc">
<fDef name="delay_microseconds" global="true" noreturn="false" doNotSpecialize="true" numParams="1"/>
<fDef name="delay_milliseconds" global="true" noreturn="false" doNotSpecialize="true" numParams="1"/>
<fDef name="delay_seconds" global="true" noreturn="false" doNotSpecialize="true" numParams="1"/>
<fDef name="my_random" global="true" noreturn="false" doNotSpecialize="false" numParams="1"/>
<fCall name="delay_ticks_longlong" global="true" numArgs="1">
  <arg num="0">
    <values>
      <value type="unknown"/>
    </values>
  </arg>
</fCall>
<fCall name="delay_ticks_longlong" global="true" numArgs="1">
  <arg num="0">
    <values>
      <value type="unknown"/>
    </values>
  </arg>
</fCall>
<fCall name="delay_ticks_longlong" global="true" numArgs="1">
  <arg num="0">
    <values>
      <value type="unknown"/>
    </values>
  </arg>
</fCall>
<fCall name="__builtin_getps" global="true" numArgs="1">
  <arg num="0">
    <values>
      <value type="unknown"/>
    </values>
  </arg>
</fCall>
<fCall name="__builtin_setps" global="true" numArgs="2">
  <arg num="0">
    <values>
      <value type="intval"><intval isSigned="true" val="1547"/></value>
    </values>
  </arg>
  <arg num="1">
    <values>
      <value type="intval"><intval isSigned="true" val="15"/></value>
    </values>
  </arg>
</fCall>
<fCall name="__builtin_timer_after" global="true" numArgs="2">
  <arg num="0">
    <values>
      <value type="unknown"/>
    </values>
  </arg>
  <arg num="1">
    <values>
      <value type="unknown"/>
    </values>
  </arg>
</fCall>
<fCall name="__builtin_setps" global="true" numArgs="2">
  <arg num="0">
    <values>
      <value type="intval"><intval isSigned="true" val="1547"/></value>
    </values>
  </arg>
  <arg num="1">
    <values>
      <value type="intval"><intval isSigned="true" val="0"/></value>
    </values>
  </arg>
</fCall>
<fCall name="__builtin_getps" global="true" numArgs="1">
  <arg num="0">
    <values>
      <value type="unknown"/>
    </values>
  </arg>
</fCall>
</preCompilationAnalysis>
